<DATE>,<TIME>,<OPEN>,<HIGH>,<LOW>,<CLOSE>,<VOL>
20130215,000000,58.1500000,58.1500000,51.2300000,55.0000000,5897620
20130218,000000,55.0000000,56.6000000,54.1800000,56.0200000,2767350
20130219,000000,56.5000000,56.6000000,55.9500000,56.0000000,1761230
20130220,000000,56.3000000,56.5000000,54.9800000,55.4000000,1413600
20130221,000000,55.0300000,55.3900000,54.4100000,54.7000000,519330
20130222,000000,54.5000000,54.8600000,53.8900000,54.5000000,1229680
20130225,000000,54.7600000,54.8000000,54.0700000,54.7500000,105930
20130226,000000,54.5700000,54.7400000,52.5700000,54.4000000,1490440
20130227,000000,54.2500000,54.2500000,53.4000000,54.2000000,2748950
20130228,000000,54.7400000,54.7400000,53.5000000,53.8900000,341650
20130301,000000,53.7000000,54.2800000,52.5000000,52.5000000,2183750
20130304,000000,52.5000000,52.9700000,52.3000000,52.8000000,2048950
20130305,000000,52.8800000,53.8000000,52.7000000,53.7500000,579530
20130306,000000,53.3000000,54.2000000,53.3000000,53.8000000,1080540
20130307,000000,53.4900000,54.2000000,53.4300000,53.9900000,572780
20130311,000000,53.9800000,54.6000000,53.2700000,54.0000000,1553350
20130312,000000,53.5200000,54.8000000,53.2800000,54.6000000,1707250
20130313,000000,54.2300000,55.0800000,54.2200000,54.5500000,4353160
20130314,000000,54.8000000,55.1500000,54.3000000,54.9000000,2690980
20130315,000000,55.0000000,55.2400000,54.1600000,55.0000000,9059010
20130318,000000,52.7500000,53.4300000,51.1000000,52.8500000,1133650
20130319,000000,53.2000000,53.2000000,51.8700000,51.9600000,1403920
20130320,000000,52.2000000,52.3600000,50.7600000,52.1200000,1013200
20130321,000000,52.5700000,52.9600000,51.9500000,52.1300000,407400
20130322,000000,52.3000000,52.3000000,51.5600000,51.9400000,455650
20130325,000000,52.3800000,52.3800000,51.8000000,51.9200000,199820
20130326,000000,51.5500000,52.0000000,50.3000000,51.4900000,338920
20130327,000000,52.0300000,52.0300000,50.9000000,51.2600000,265490
20130328,000000,51.0000000,51.0000000,48.8000000,48.8700000,628410
20130329,000000,49.5100000,49.8700000,49.0000000,49.4800000,332070
20130401,000000,50.1800000,50.1800000,49.1600000,49.6300000,79790
20130402,000000,49.6300000,49.6300000,48.3800000,48.5900000,168370
20130403,000000,48.5200000,48.5200000,47.8900000,48.2300000,133190
20130404,000000,48.0700000,48.6500000,47.4200000,48.4300000,181760
20130405,000000,48.4300000,48.6100000,47.5000000,48.5000000,123940
20130408,000000,48.6700000,48.8800000,47.5000000,47.5200000,110510
20130409,000000,48.2300000,48.2300000,47.4000000,47.4000000,209980
20130410,000000,48.0000000,48.0000000,46.7500000,46.8700000,424170
20130411,000000,47.2200000,47.6000000,45.7500000,45.7500000,602080
20130412,000000,45.7000000,45.9700000,45.0000000,45.4500000,469350
20130415,000000,45.5000000,46.2000000,45.4200000,45.6600000,1393630
20130416,000000,45.7700000,45.7700000,42.5700000,43.3900000,578480
20130417,000000,43.8800000,44.4800000,43.1100000,43.3000000,1034050
20130418,000000,43.5000000,43.5000000,42.5800000,43.0300000,888600
20130419,000000,43.1800000,43.5700000,43.0000000,43.3800000,1334260
20130422,000000,43.9900000,44.0500000,43.5000000,43.5500000,472550
20130423,000000,43.7100000,44.0800000,43.6300000,44.0000000,835630
20130424,000000,44.0200000,44.5000000,44.0200000,44.4600000,456310
20130425,000000,44.4200000,44.6300000,44.0100000,44.2000000,556250
20130426,000000,44.5000000,44.9500000,44.2000000,44.6900000,822010
20130429,000000,44.9100000,45.0100000,44.4000000,44.5700000,187190
20130430,000000,44.9100000,45.0100000,44.3000000,44.4100000,323540
20130502,000000,44.5500000,44.5500000,43.7500000,44.3700000,169640
20130503,000000,44.4000000,44.9800000,44.2200000,44.9800000,172390
20130506,000000,45.2900000,47.8300000,45.2900000,46.1600000,686090
20130507,000000,46.1500000,49.9000000,46.1500000,47.5000000,477510
20130508,000000,47.3500000,49.0000000,47.0100000,48.7600000,690130
20130510,000000,48.5600000,49.2900000,48.5400000,48.6000000,738670
20130513,000000,49.2700000,49.9900000,48.6300000,49.0000000,280750
20130514,000000,48.9700000,49.2300000,48.6800000,49.0800000,591600
20130515,000000,50.0000000,50.1400000,49.6200000,49.8500000,1074800
20130516,000000,49.9900000,50.1000000,49.9000000,50.1000000,216910
20130517,000000,50.1000000,50.2900000,50.0000000,50.0900000,127180
20130520,000000,49.9900000,51.2000000,49.9900000,51.0000000,535400
20130521,000000,50.3800000,51.5000000,45.2500000,51.3400000,877330
20130522,000000,51.3500000,55.0600000,51.3500000,54.4500000,1901910
20130523,000000,54.3500000,54.4300000,53.5000000,53.7600000,534050
20130524,000000,53.8300000,53.9300000,52.5100000,52.5100000,484860
20130527,000000,53.2900000,53.4000000,52.8100000,53.2000000,360060
20130528,000000,53.2400000,53.9700000,53.2100000,53.7900000,256510
20130529,000000,53.3800000,53.7200000,52.8000000,53.5200000,637050
20130530,000000,53.2400000,53.5900000,53.0500000,53.5000000,827150
20130531,000000,53.6800000,53.8000000,53.3700000,53.3700000,172810
20130603,000000,53.4600000,53.6100000,52.6400000,52.6800000,691060
20130604,000000,52.8700000,53.1200000,52.4500000,52.6200000,822880
20130605,000000,52.5300000,52.7600000,52.5000000,52.5000000,299610
20130606,000000,52.5000000,54.7800000,52.5000000,53.2500000,1753200
20130607,000000,53.1800000,53.8000000,53.0800000,53.5300000,310380
20130610,000000,53.6900000,53.7100000,53.4600000,53.5000000,331830
20130611,000000,53.5000000,53.6500000,52.1800000,52.1800000,700110
20130613,000000,52.1300000,52.1500000,51.5200000,51.5200000,431750
20130614,000000,51.7700000,51.9500000,51.4900000,51.5600000,234920
20130617,000000,51.5700000,54.0000000,51.3300000,52.7500000,1238970
20130618,000000,52.4100000,52.8600000,52.0000000,52.6200000,224530
20130619,000000,52.8100000,53.0600000,52.2700000,52.6800000,468670
20130620,000000,52.4200000,52.4200000,50.5000000,50.5000000,1191240
20130621,000000,50.4700000,51.3000000,49.7800000,49.7800000,988950
20130624,000000,50.4900000,51.7800000,49.7900000,51.4700000,1859290
20130625,000000,51.4900000,52.4900000,51.3000000,52.0000000,1878380
20130626,000000,52.0900000,52.8600000,51.8300000,52.7200000,1598000
20130627,000000,52.7800000,53.3000000,52.4500000,53.0400000,956730
20130628,000000,52.8200000,54.4100000,52.8200000,53.2100000,1314550
20130701,000000,53.4800000,54.0100000,53.4300000,53.9000000,521190
20130702,000000,53.9900000,54.1700000,53.6000000,54.1500000,729990
20130703,000000,54.1900000,54.2000000,53.6700000,53.7300000,393600
20130704,000000,54.2300000,54.2300000,53.8500000,53.9000000,395250
20130705,000000,54.0000000,54.0800000,53.8500000,53.8900000,339780
20130708,000000,53.8900000,54.0800000,53.8400000,54.0500000,448910
20130709,000000,54.1400000,54.1500000,53.6000000,53.6000000,462360
20130710,000000,53.7300000,53.7300000,53.2600000,53.3000000,283160
20130711,000000,53.5000000,54.1800000,53.5000000,54.1800000,1056790
20130712,000000,54.0500000,54.2000000,53.7500000,53.9000000,355470
20130715,000000,53.9900000,54.1900000,53.8000000,53.9000000,272370
20130716,000000,53.9900000,54.0300000,53.7700000,53.8600000,454220
20130717,000000,54.0000000,54.0400000,53.9000000,54.0200000,315520
20130718,000000,54.2800000,54.2800000,53.9300000,53.9300000,494700
20130719,000000,53.5800000,54.2600000,53.2800000,53.8500000,769690
20130722,000000,53.7100000,54.1000000,53.6400000,53.9400000,627960
20130723,000000,53.9700000,54.5000000,53.8900000,53.9700000,929170
20130724,000000,53.9500000,54.3800000,53.9500000,54.2400000,663280
20130725,000000,54.5000000,54.5000000,53.9500000,54.0000000,488120
20130726,000000,53.9400000,54.4300000,53.9400000,54.4300000,337110
20130729,000000,54.4300000,55.3000000,54.3000000,55.3000000,1142680
20130730,000000,54.7400000,56.1500000,54.7400000,56.0600000,711920
20130731,000000,55.9800000,56.3000000,55.9800000,56.2800000,1171510
20130801,000000,56.2200000,60.5000000,56.2200000,60.5000000,2123960
20130802,000000,60.7800000,62.3000000,58.3000000,59.0000000,1221740
20130805,000000,59.5400000,62.4200000,58.8900000,59.9000000,1082540
20130806,000000,59.4500000,59.9000000,55.1200000,56.4000000,968410
20130807,000000,56.3900000,56.3900000,55.7700000,55.7700000,788430
20130808,000000,55.9400000,56.0400000,55.7100000,56.0400000,368310
20130809,000000,55.8100000,56.1700000,55.8100000,56.1000000,267510
20130812,000000,56.4300000,56.4300000,55.9800000,56.0900000,659360
20130813,000000,55.9700000,57.1300000,55.9700000,56.7800000,1000750
20130814,000000,56.8400000,57.3300000,56.8100000,56.9500000,788730
20130815,000000,57.0900000,57.2400000,56.1400000,56.3700000,478280
20130816,000000,56.2100000,56.6300000,55.9300000,56.2000000,846490
20130819,000000,56.1500000,56.3800000,55.9600000,56.2000000,536100
20130820,000000,56.1600000,56.3700000,56.0000000,56.0000000,555760
20130821,000000,55.9900000,56.2800000,55.9500000,56.2800000,474080
20130822,000000,56.1800000,57.1400000,56.1200000,57.0900000,780280
20130823,000000,56.8700000,57.7100000,56.8200000,57.3000000,1115950
20130826,000000,57.2800000,57.2800000,57.0000000,57.2800000,224720
20130827,000000,57.1500000,59.0000000,57.0500000,58.4400000,657690
20130828,000000,58.4200000,59.2500000,58.2500000,58.9000000,367180
20130829,000000,59.0700000,61.8000000,59.0700000,60.4800000,1704700
20130830,000000,60.3300000,63.0000000,59.4700000,61.0000000,1528160
20130902,000000,61.2700000,61.5400000,60.7600000,61.0500000,956150
20130903,000000,61.5000000,61.9000000,61.2100000,61.6500000,1169240
20130904,000000,61.7000000,62.3900000,61.6600000,61.9100000,1127000
20130905,000000,62.0000000,62.9300000,61.9400000,62.8400000,921560
20130906,000000,63.0000000,67.2500000,63.0000000,64.8700000,3898510
20130909,000000,65.6100000,65.7700000,63.0700000,64.9100000,2107770
20130910,000000,65.2800000,66.7000000,64.5500000,65.8500000,1636310
20130911,000000,65.2200000,66.3000000,63.7300000,65.5900000,2324470
20130912,000000,65.5800000,65.5800000,64.6300000,65.4500000,1073100
20130913,000000,65.8200000,65.9400000,64.1600000,64.8200000,1689790
20130916,000000,65.6800000,67.4000000,65.3400000,66.9900000,3515520
20130917,000000,66.3600000,66.8600000,65.8700000,66.2600000,1801640
20130918,000000,66.4000000,66.7200000,65.3500000,65.7000000,1440370
20130919,000000,66.2900000,66.9900000,65.3400000,65.5500000,2437020
20130920,000000,65.4900000,65.6200000,62.5700000,63.2500000,5418420
20130923,000000,62.9800000,63.0000000,60.0000000,62.4100000,4618900
20130924,000000,62.0000000,64.6500000,60.0700000,63.2000000,2886120
20130925,000000,63.2400000,63.2600000,60.3500000,60.3500000,1217280
20130926,000000,61.0000000,61.2400000,59.9400000,60.2600000,1002390
20130927,000000,60.2500000,60.8100000,59.3600000,60.6400000,1024800
20130930,000000,60.5100000,62.1000000,60.4200000,62.0500000,725600
20131001,000000,62.2100000,64.8500000,62.2000000,64.7700000,780100
20131002,000000,64.6000000,65.6900000,63.9800000,64.8500000,3593580
20131003,000000,65.0800000,65.6300000,63.0900000,65.3100000,1194900
20131004,000000,65.3800000,65.9500000,64.0800000,65.8600000,688510
20131007,000000,65.6700000,65.7300000,64.6900000,64.9000000,364570
20131008,000000,64.7100000,66.1000000,64.1900000,65.9700000,2396140
20131009,000000,65.5400000,66.8000000,65.1900000,66.8000000,2476400
20131010,000000,66.8000000,67.2100000,65.9000000,67.2000000,2318710
20131011,000000,67.1900000,67.5000000,66.8200000,67.5000000,1269630
20131014,000000,66.8100000,68.0000000,66.0500000,67.7400000,2896090
20131015,000000,68.0700000,69.9900000,67.5600000,68.2700000,2728110
20131016,000000,68.4200000,68.4200000,67.2400000,68.0700000,1259190
20131017,000000,68.2900000,68.4400000,67.0300000,67.7500000,990830
20131018,000000,67.7500000,69.0800000,67.5000000,68.1000000,1135770
20131021,000000,67.8700000,68.4400000,67.0900000,68.0000000,2306000
20131022,000000,67.9500000,68.3500000,67.5200000,67.9800000,2992810
20131023,000000,67.9100000,67.9100000,66.7600000,66.9900000,882060
20131024,000000,66.8600000,69.2100000,65.6500000,65.8900000,3659450
20131025,000000,66.2900000,66.8700000,65.5900000,66.0000000,38659280
20131028,000000,66.0000000,66.1400000,64.5800000,65.0000000,4240250
20131029,000000,64.9900000,65.0000000,62.7100000,63.6500000,2631940
20131030,000000,63.5700000,63.6400000,62.2900000,62.9000000,8512070
20131031,000000,62.4400000,62.5900000,61.2000000,61.2300000,4044510
20131101,000000,61.2800000,61.6900000,60.9000000,61.4000000,4232370
20131105,000000,61.9200000,63.2600000,60.6600000,60.9000000,19178900
20131106,000000,60.9400000,62.6500000,60.7000000,61.0100000,16333490
20131107,000000,61.0300000,62.1200000,60.8400000,60.9800000,8577990
20131108,000000,61.8700000,61.8700000,60.6000000,61.4500000,7498250
20131111,000000,61.6000000,63.3000000,61.0400000,62.4900000,5299200
20131112,000000,62.5400000,65.3800000,62.5400000,64.8000000,6999890
20131113,000000,64.6800000,65.7500000,63.7000000,64.5100000,7201640
20131114,000000,65.0900000,65.2600000,64.6600000,64.7700000,6615000
20131115,000000,64.9900000,65.1300000,63.9100000,64.9200000,3924840
20131118,000000,65.0400000,65.0600000,64.4900000,65.0200000,4040230
20131119,000000,64.9800000,65.3900000,64.8100000,65.3900000,6069430
20131120,000000,65.0000000,65.6700000,64.7000000,65.3500000,4077720
20131121,000000,64.9400000,65.6300000,64.3000000,65.5500000,5251230
20131122,000000,65.6300000,67.5600000,64.8900000,67.1500000,9061380
20131125,000000,67.0000000,67.9700000,65.9300000,67.5000000,4986020
20131126,000000,67.5000000,67.8100000,64.9000000,67.4500000,21175750
20131127,000000,67.0100000,67.5600000,66.6200000,67.4000000,11960510
20131128,000000,67.3800000,67.3900000,65.5300000,66.5400000,3449040
20131129,000000,66.2800000,67.1500000,65.7500000,67.0000000,5634420
20131202,000000,66.9300000,66.9600000,66.2400000,66.5700000,3639800
20131203,000000,66.3100000,66.5600000,64.0600000,65.5000000,7015000
20131204,000000,65.5000000,65.6300000,64.5000000,65.1500000,3512080
20131205,000000,64.9300000,65.2600000,61.4800000,62.0000000,5664680
20131206,000000,62.1800000,63.7600000,62.0500000,63.3000000,3960650
20131209,000000,63.7400000,63.7400000,62.7700000,63.0300000,6138200
20131210,000000,62.5300000,64.4200000,62.4300000,63.7700000,3691780
20131211,000000,63.5200000,63.9600000,63.1500000,63.7100000,2855130
20131212,000000,63.1700000,63.8000000,62.8300000,63.1800000,2556840
20131213,000000,63.0900000,63.9200000,63.0900000,63.8000000,2523850
20131216,000000,63.9900000,64.0000000,63.4000000,63.8800000,3593030
20131217,000000,63.5900000,63.8800000,63.0700000,63.5900000,1777310
20131218,000000,63.3700000,63.8500000,63.1800000,63.5200000,2236010
20131219,000000,63.7200000,63.8700000,61.6300000,62.1100000,4599570
20131220,000000,62.3700000,63.7000000,62.3600000,63.0900000,3760640
20131223,000000,63.3900000,65.6400000,63.3900000,65.0100000,4398800
20131224,000000,64.5500000,64.9000000,63.8900000,64.3900000,6019090
20131225,000000,64.7700000,65.9200000,63.6600000,64.0000000,3130470
20131226,000000,64.2600000,64.2600000,62.2800000,63.0200000,1404490
20131227,000000,63.2400000,64.5300000,63.1500000,64.2600000,9124550
20131230,000000,64.2400000,65.2000000,63.7400000,65.0000000,5580870
20140106,000000,63.2000000,64.9800000,62.5500000,62.9200000,2492140
20140108,000000,62.9700000,65.0000000,62.6100000,65.0000000,1462210
20140109,000000,64.6400000,65.2000000,64.6400000,65.0700000,1944290
20140110,000000,65.0200000,65.4300000,64.7500000,65.3900000,2500890
20140113,000000,65.2500000,65.4600000,64.5600000,65.2000000,887980
20140114,000000,65.1200000,65.3000000,64.5800000,64.8100000,1353440
20140115,000000,65.2400000,65.3000000,64.6900000,65.0000000,2664550
20140116,000000,64.9000000,65.1200000,64.6400000,64.8000000,1550980
20140117,000000,64.9800000,65.4500000,64.0500000,64.2600000,1655710
20140120,000000,64.6200000,65.0700000,63.4100000,63.6600000,1334920
20140121,000000,64.1900000,64.7000000,63.7000000,64.3300000,1501940
20140122,000000,64.2100000,64.2500000,63.3000000,63.6000000,1059490
20140123,000000,63.5300000,64.2500000,63.4100000,63.6100000,1396810
20140124,000000,63.7200000,64.1000000,62.4500000,62.4500000,3857740
20140127,000000,61.9500000,62.7800000,60.5500000,61.7600000,2850790
20140128,000000,61.7500000,63.7500000,61.1600000,62.9600000,3812990
20140129,000000,63.1600000,63.8000000,62.3500000,63.3000000,2524760
20140130,000000,63.4500000,63.8000000,61.0000000,61.0800000,5509910
20140131,000000,61.1400000,61.7800000,60.1500000,61.4300000,3635660
20140203,000000,61.4700000,62.2200000,60.9800000,61.1800000,814500
20140204,000000,61.0800000,61.1700000,60.4700000,60.5100000,533800
20140205,000000,60.8200000,62.7100000,59.7800000,62.4100000,2474760
20140206,000000,62.7100000,65.0200000,61.6900000,64.7000000,3264840
20140207,000000,64.9400000,65.1400000,62.5100000,63.5000000,3809200
20140210,000000,63.7500000,64.6800000,62.6000000,63.0000000,1015220
20140211,000000,62.9900000,64.2600000,62.8500000,63.6800000,964680
20140212,000000,63.5200000,64.3000000,62.5100000,62.5500000,1868140
20140213,000000,62.7900000,64.2300000,62.7900000,64.0500000,2415220
20140214,000000,64.1000000,65.1600000,63.9300000,65.0000000,2545930
20140217,000000,65.2100000,65.7000000,64.8200000,65.3000000,9274800
20140218,000000,65.3000000,65.6000000,64.8600000,65.3000000,2359920
20140219,000000,65.0200000,65.7000000,64.9200000,65.2700000,2613010
20140220,000000,65.0200000,65.2700000,64.0000000,64.1700000,2761330
20140221,000000,64.2600000,65.2700000,64.1400000,65.2300000,1760900
20140224,000000,65.3300000,65.7000000,64.9100000,65.0700000,3693320
20140225,000000,65.2500000,65.5000000,64.9000000,65.1500000,2253600
20140226,000000,65.2900000,65.3400000,63.7500000,64.1000000,5408440
20140227,000000,64.0500000,65.4100000,63.8500000,64.0000000,8893280
20140228,000000,64.4700000,65.5000000,62.0000000,64.0000000,10489590
20140303,000000,61.0000000,61.9900000,53.0000000,56.6100000,14033810
20140304,000000,56.0400000,61.9700000,56.0300000,56.7500000,9306940
20140305,000000,57.4900000,59.5200000,56.4500000,59.1100000,9449220
20140306,000000,59.5000000,59.6600000,57.4000000,57.6700000,8183150
20140307,000000,57.8100000,58.0500000,55.6000000,57.0000000,4081870
20140311,000000,56.8300000,56.9900000,53.0500000,54.7500000,7550440
20140312,000000,53.9700000,54.9400000,53.0600000,53.7500000,2563760
20140313,000000,54.0000000,54.6100000,48.8600000,49.1000000,6130900
20140314,000000,46.9800000,49.5000000,42.7400000,48.8400000,16865870
20140317,000000,49.6900000,52.8700000,49.6900000,50.6000000,5707240
20140318,000000,51.0200000,60.4000000,50.6200000,56.6200000,11369920
20140319,000000,56.6400000,59.7900000,55.1700000,55.8600000,12382940
20140320,000000,54.7200000,57.4000000,54.7200000,56.0300000,2518730
20140321,000000,53.9900000,56.0000000,53.6200000,55.5300000,3830680
20140324,000000,55.6100000,56.8700000,55.3300000,56.7000000,2725300
20140325,000000,56.7600000,59.5900000,56.0000000,58.0700000,6002890
20140326,000000,58.4700000,59.8700000,57.6100000,59.2500000,5539680
20140327,000000,59.0100000,59.9400000,57.5000000,57.5500000,3343950
20140328,000000,58.1000000,59.5100000,57.2700000,58.2300000,1972100
20140331,000000,58.0600000,58.3500000,57.1900000,57.9000000,4212980
20140401,000000,57.8800000,58.1900000,57.4000000,57.7600000,1872590
20140402,000000,57.6500000,59.7000000,57.5800000,59.5000000,4297060
20140403,000000,59.6900000,59.9700000,58.5600000,59.4400000,1968260
20140404,000000,59.4900000,59.7800000,58.5000000,58.6000000,1126610
20140407,000000,58.0500000,58.2000000,55.0500000,56.2500000,5276960
20140408,000000,56.3000000,57.7600000,55.0300000,57.2200000,6940810
20140409,000000,58.0000000,58.8900000,55.5000000,58.1900000,5804440
20140410,000000,58.4200000,63.0000000,58.0200000,62.0000000,5316280
20140411,000000,60.8100000,62.5600000,60.3500000,61.6700000,2344090
20140414,000000,60.5200000,61.4000000,57.7300000,58.7000000,6058790
20140415,000000,58.4600000,59.1500000,55.6300000,55.8100000,4303050
20140416,000000,56.2800000,57.9700000,53.7700000,56.1000000,4853800
20140417,000000,56.3000000,57.2300000,55.1200000,55.9300000,3247820
20140418,000000,57.4300000,58.1800000,56.6100000,57.0000000,2504980
20140421,000000,57.3400000,57.4300000,55.5400000,56.0000000,1747640
20140422,000000,55.9600000,56.6500000,55.3300000,55.6000000,2669900
20140423,000000,55.7000000,56.8900000,55.2200000,55.6500000,2701820
20140424,000000,56.1500000,56.5800000,54.5000000,55.2000000,3575520
20140425,000000,55.0300000,56.5200000,53.1600000,53.9000000,5003840
20140428,000000,53.7900000,54.6700000,51.4900000,53.9000000,7184910
20140429,000000,54.4100000,55.2700000,51.8800000,53.6600000,7942840
20140430,000000,53.4600000,53.8300000,52.2000000,52.7900000,7597940
20140502,000000,52.5200000,53.9100000,52.0900000,53.5900000,1811420
20140505,000000,53.4900000,55.1800000,52.5300000,52.9100000,2493100
20140506,000000,53.2700000,54.3600000,53.2600000,54.3100000,2375870
20140507,000000,54.0800000,56.9400000,54.0200000,55.6000000,3668390
20140508,000000,55.9700000,58.8500000,55.8100000,58.0300000,7783430
20140512,000000,58.0300000,58.9800000,57.6500000,58.1700000,3062360
20140513,000000,58.5800000,59.7600000,57.8300000,59.4900000,2562880
20140514,000000,59.2900000,59.8500000,58.5500000,59.2900000,1974300
20140515,000000,59.8000000,60.1500000,57.9800000,58.0000000,2733160
20140516,000000,58.0000000,59.4200000,56.6100000,58.2100000,4010690
20140519,000000,58.7900000,60.0000000,57.8500000,59.4900000,2753640
20140520,000000,59.5500000,60.0100000,58.7000000,59.7500000,2900080
20140521,000000,59.5600000,61.4700000,59.0700000,60.4900000,3868520
20140522,000000,60.5100000,61.4600000,60.1500000,60.5000000,4052610
20140523,000000,60.8300000,62.0000000,60.3100000,62.0000000,3169890
20140526,000000,61.9300000,62.9000000,61.7500000,62.5400000,2546670
20140527,000000,62.9900000,62.9900000,60.0700000,61.0000000,3550230
20140528,000000,61.6100000,61.8000000,60.4200000,61.7500000,1579110
20140529,000000,61.6400000,64.4900000,61.4400000,63.6400000,9997660
20140530,000000,63.3500000,65.7500000,63.0200000,65.7500000,13070910
20140602,000000,65.7000000,66.1900000,63.8400000,65.4500000,8228600
20140603,000000,65.0000000,65.6500000,61.6700000,63.2000000,7738000
20140604,000000,63.0000000,64.4900000,61.3000000,64.0100000,4528650
20140605,000000,63.7400000,65.3000000,63.1300000,65.3000000,2691420
20140606,000000,65.3200000,65.5000000,64.3400000,65.3400000,4723670
20140609,000000,65.3500000,65.9500000,64.9300000,65.6600000,2605060
20140610,000000,65.9300000,65.9300000,63.0200000,63.8800000,2831340
20140611,000000,64.0000000,65.6500000,63.5000000,65.6500000,2409660
20140616,000000,64.8300000,66.2500000,64.0000000,65.6500000,7246170
20140617,000000,65.5500000,66.7200000,65.0000000,66.3000000,2526810
20140618,000000,66.2900000,67.6900000,65.8400000,66.9600000,1940390
20140619,000000,67.0600000,68.8000000,67.0500000,67.5000000,4494260
20140620,000000,67.4300000,68.4700000,67.2200000,68.3100000,2678410
20140623,000000,70.0000000,70.9300000,69.1100000,69.8000000,3446410
20140624,000000,70.0800000,70.2400000,68.0000000,68.3600000,3806820
20140625,000000,68.2200000,69.3400000,66.0000000,66.1800000,5660700
20140626,000000,66.3600000,66.7000000,65.5600000,65.9700000,3562590
20140627,000000,66.0600000,66.2300000,65.2800000,66.1700000,5383650
20140630,000000,66.2600000,68.8500000,65.3800000,67.4500000,11877050
20140701,000000,66.9600000,67.4700000,64.7200000,65.0500000,6191270
20140702,000000,64.0000000,66.0300000,61.6400000,65.7500000,57375730
20140703,000000,65.9400000,66.1800000,64.9000000,65.6000000,9132820
20140704,000000,65.5100000,66.1100000,64.5400000,64.5400000,5055540
20140707,000000,64.9000000,66.0000000,64.6800000,65.9200000,4287610
20140708,000000,65.9000000,66.7700000,64.6500000,65.0000000,12060530
20140709,000000,65.0100000,65.7000000,64.9500000,65.2500000,5227640
20140710,000000,63.4400000,64.3500000,61.1200000,62.2700000,9683550
20140711,000000,62.0800000,62.7600000,61.8100000,62.1200000,3111260
20140714,000000,62.1000000,62.5000000,61.5000000,61.7100000,2136210
20140715,000000,61.7600000,62.1600000,61.1300000,61.6400000,3407710
20140716,000000,61.5000000,62.2100000,61.4800000,61.8000000,3361970
20140717,000000,61.4900000,61.4900000,59.7000000,61.4900000,8928560
20140718,000000,60.0000000,61.1200000,59.5800000,60.9300000,7393830
20140721,000000,60.5000000,61.1200000,58.1100000,58.7500000,7326540
20140722,000000,59.0500000,60.2000000,58.8300000,60.1000000,5996350
20140723,000000,60.0000000,61.7500000,59.9300000,61.4300000,6752040
20140724,000000,61.3500000,61.5900000,59.7500000,59.8000000,3038670
20140725,000000,59.8000000,59.9800000,58.5800000,58.7000000,4060280
20140728,000000,58.9500000,59.0500000,55.3800000,55.5000000,9444440
20140729,000000,55.4100000,56.8800000,55.1200000,56.4900000,6222750
20140730,000000,55.8100000,58.3000000,55.8100000,58.0000000,8371060
20140731,000000,58.4900000,58.9800000,56.5500000,56.9400000,8641670
20140801,000000,56.6700000,57.7900000,56.2000000,57.4800000,1700600
20140804,000000,57.6500000,58.9300000,57.4900000,58.5600000,2970430
20140805,000000,58.8400000,59.7000000,58.1100000,59.2000000,2472440
20140806,000000,59.5900000,59.6900000,56.5500000,56.8300000,4271640
20140807,000000,56.6600000,57.5800000,53.7200000,56.0100000,9121090
20140808,000000,56.1500000,59.0000000,56.0000000,58.5000000,5084870
20140811,000000,59.2600000,59.8900000,58.3800000,59.0000000,3343070
20140812,000000,58.9000000,59.6000000,58.3300000,58.6500000,5463160
20140813,000000,58.5900000,61.0000000,58.3800000,60.7100000,10645890
20140814,000000,60.7000000,60.7000000,59.7500000,59.8000000,8283210
20140815,000000,59.7500000,60.8000000,58.5600000,60.6000000,3445340
20140818,000000,60.6000000,62.1600000,60.5200000,61.8000000,6323150
20140819,000000,61.8500000,64.0800000,61.7100000,63.8000000,7922550
20140820,000000,64.0900000,65.3000000,62.5000000,64.0000000,3320930
20140821,000000,63.8400000,65.1000000,63.8400000,64.9900000,2943320
20140822,000000,64.7700000,65.5000000,61.8200000,64.2500000,4881130
20140825,000000,64.2000000,65.3600000,63.9700000,64.9400000,979910
20140826,000000,65.2800000,66.5000000,65.2800000,66.2000000,7045240
20140827,000000,66.4900000,67.4200000,65.7300000,66.5000000,5247460
20140828,000000,66.2200000,66.4200000,63.7000000,64.7000000,5620720
20140829,000000,65.0100000,65.1100000,62.0500000,63.5000000,16190520
20140901,000000,63.1100000,63.7800000,60.2500000,60.5500000,11126870
20140902,000000,60.6400000,61.6700000,60.0500000,60.8200000,4283700
20140903,000000,60.9800000,63.4500000,60.6600000,63.4000000,14403760
20140904,000000,63.7700000,65.3700000,63.1100000,64.3000000,9890360
20140905,000000,63.8000000,65.0000000,63.3700000,64.2200000,5251660
20140908,000000,64.0000000,64.6800000,63.1700000,63.8500000,3430210
20140909,000000,64.0000000,64.2900000,62.8300000,63.1200000,4976960
20140910,000000,62.8000000,64.0000000,62.2300000,63.3000000,3992050
20140911,000000,63.9000000,63.9000000,61.6000000,62.1700000,4128310
20140912,000000,62.5500000,62.9700000,61.0100000,61.9500000,4495940
20140915,000000,62.4400000,62.4500000,60.0400000,61.1700000,5414700
20140916,000000,61.3000000,62.1400000,60.8400000,61.9000000,6442290
20140917,000000,61.7800000,61.8000000,59.5200000,60.0000000,16945190
20140918,000000,60.2100000,61.7600000,59.6000000,61.0000000,8752780
20140919,000000,60.8700000,61.8900000,59.5800000,59.5800000,32785940
20140922,000000,59.6200000,61.4700000,59.6200000,60.3000000,31079410
20140923,000000,61.1900000,61.1900000,59.8600000,60.1000000,8081740
20140924,000000,60.2700000,60.8500000,59.9500000,60.0000000,4678750
20140925,000000,60.2900000,60.3000000,59.7600000,59.8600000,5165840
20140926,000000,59.9200000,60.1000000,57.6100000,59.9800000,6481810
20140929,000000,59.9000000,60.4000000,58.0500000,58.4900000,5733580
20140930,000000,58.7500000,59.0000000,57.7500000,58.5000000,9188360
20141001,000000,58.1000000,59.2000000,57.9800000,58.6000000,3878490
20141002,000000,58.3500000,59.3600000,57.5700000,58.5200000,2870420
20141003,000000,58.6200000,59.3000000,58.5700000,59.0000000,3650250
20141006,000000,59.2400000,61.8000000,59.1800000,61.2000000,6013850
20141007,000000,61.2100000,62.2800000,60.1000000,60.4400000,8408720
20141008,000000,59.9200000,60.7800000,59.2500000,59.9400000,4914510
20141009,000000,60.5000000,60.7000000,59.5000000,59.8000000,2281360
20141010,000000,59.0200000,59.4900000,58.0000000,58.7000000,3775440
20141013,000000,58.0600000,60.4400000,58.0600000,60.0000000,5087240
20141014,000000,60.0000000,60.2400000,58.8300000,59.5500000,5821850
20141015,000000,59.5500000,59.5600000,58.7600000,59.0000000,2509220
20141016,000000,59.2100000,59.5900000,58.6800000,58.9900000,5746380
20141017,000000,59.0500000,59.4200000,58.2300000,58.9000000,3779430
20141020,000000,59.1800000,59.1900000,57.2200000,57.5000000,5138260
20141021,000000,57.8500000,58.1000000,57.1600000,57.9500000,4316680
20141022,000000,58.2000000,58.3400000,57.7500000,58.0000000,4205660
20141023,000000,57.7700000,58.3600000,57.2000000,58.1000000,9016190
20141024,000000,57.8800000,58.2000000,57.5300000,58.2000000,1736500
20141027,000000,58.7100000,58.9300000,57.8000000,58.0000000,3066210
20141028,000000,58.3100000,58.3100000,57.7100000,58.1300000,11360300
20141029,000000,58.2500000,58.2500000,57.5100000,58.0000000,5712200
20141030,000000,57.9600000,58.9500000,57.2500000,57.8900000,10394350
20141031,000000,57.9600000,58.5000000,57.3000000,58.0000000,17473750
20141103,000000,58.0200000,58.1400000,57.5000000,57.6700000,6178910
20141105,000000,57.4000000,58.1700000,56.6100000,58.0000000,7823120
20141106,000000,58.0500000,59.7900000,57.9300000,58.9900000,8645750
20141107,000000,58.9800000,60.7500000,58.0700000,59.2800000,8149040
20141110,000000,59.7100000,60.4500000,59.1000000,60.0000000,3721310
20141111,000000,60.0000000,60.4400000,58.6200000,59.2900000,9155280
20141112,000000,59.2500000,59.5900000,59.0100000,59.0900000,2620490
20141113,000000,59.0900000,59.4100000,58.2500000,58.5000000,2613520
20141114,000000,58.2800000,58.5000000,57.3400000,57.6000000,3820960
20141117,000000,57.5000000,58.4100000,56.7900000,57.2000000,5251580
20141118,000000,57.3000000,58.4500000,56.8200000,57.9000000,5648820
20141119,000000,58.4900000,61.0000000,58.2000000,60.5000000,10127300
20141120,000000,60.8900000,62.2500000,59.8600000,62.0700000,8088000
20141121,000000,62.1000000,63.5000000,61.6300000,63.5000000,7336260
20141124,000000,63.4000000,64.3100000,62.3800000,62.8900000,6970250
20141125,000000,62.5200000,62.8900000,61.1500000,61.6000000,15207170
20141126,000000,61.5100000,61.6100000,60.0000000,60.3400000,4492950
20141127,000000,60.3000000,61.0000000,58.8700000,59.0000000,6119830
20141128,000000,58.5500000,60.7500000,58.0000000,59.8300000,6350990
20141201,000000,59.6500000,60.3500000,58.6600000,60.0100000,5917350
20141202,000000,60.2100000,60.5900000,58.1500000,59.0800000,4814540
20141203,000000,59.4100000,61.9600000,58.9100000,60.7800000,9805130
20141204,000000,60.8400000,62.4000000,60.1100000,62.0000000,10690110
20141205,000000,62.1000000,63.4500000,60.6000000,62.3700000,11699110
20141208,000000,62.4700000,63.4500000,59.2000000,60.1500000,5421200
20141209,000000,60.0600000,60.6500000,59.4500000,60.0500000,8127700
20141210,000000,60.3600000,62.2600000,60.0900000,61.3000000,3041380
20141211,000000,61.1600000,63.0500000,60.0000000,60.9500000,9392620
20141212,000000,60.3500000,63.5000000,58.7000000,61.9700000,8068840
20141215,000000,61.5500000,61.9400000,60.2000000,61.1000000,8581980
20141216,000000,61.4900000,62.5400000,55.9000000,60.0000000,14472220
20141217,000000,59.9900000,63.5000000,58.5800000,61.9100000,9057530
20141218,000000,61.9000000,62.8000000,59.2200000,61.5000000,8652130
20141219,000000,61.1300000,62.0000000,59.1500000,62.0000000,4523360
20141222,000000,61.6300000,62.9200000,61.1100000,62.2200000,5407330
20141223,000000,62.5000000,62.7400000,61.5500000,61.8400000,4441690
20141224,000000,61.8800000,62.0900000,60.6500000,61.8800000,1942550
20141225,000000,61.5000000,61.9500000,61.0500000,61.1600000,745250
20141226,000000,60.9800000,62.0000000,60.9800000,61.9500000,3909400
20141229,000000,61.6500000,62.7500000,60.3000000,61.0000000,13252510
20141230,000000,60.7500000,62.4400000,59.0600000,59.0600000,6112710
20150105,000000,59.5100000,61.1000000,59.5000000,60.4000000,2012510
20150106,000000,60.3000000,61.9900000,60.0400000,61.9000000,2284780
20150108,000000,61.7700000,64.7000000,61.5100000,61.9000000,4946470
20150109,000000,61.9200000,62.0500000,60.0200000,60.1400000,1818220
20150112,000000,60.7300000,60.9900000,59.0500000,59.5900000,2919690
20150113,000000,59.4300000,60.1400000,58.5100000,58.5100000,4360050
20150114,000000,58.5900000,61.8000000,58.5500000,61.2200000,5550540
20150115,000000,61.5100000,62.6500000,61.0000000,61.8000000,5300600
20150116,000000,61.7000000,62.7300000,61.2400000,62.5000000,2641110
20150119,000000,62.5000000,64.2500000,62.1200000,63.4500000,7990950
20150120,000000,63.3100000,63.8500000,61.8000000,62.0000000,4323170
20150121,000000,62.5100000,64.9700000,62.0100000,64.5000000,12703760
20150122,000000,64.6600000,68.0000000,64.4500000,68.0000000,8596170
20150123,000000,66.9600000,69.7500000,66.3900000,69.1100000,8613480
20150126,000000,68.1700000,68.4300000,66.6000000,66.6000000,2595230
20150127,000000,66.6100000,67.8400000,66.0500000,67.8400000,2765040
20150128,000000,67.8200000,69.4500000,67.2500000,68.0000000,6399460
20150129,000000,68.3400000,69.7500000,67.4800000,69.3000000,5587000
20150130,000000,69.1500000,71.0000000,68.8100000,70.0000000,7564970
20150202,000000,70.4500000,72.8900000,68.7200000,69.6600000,5262620
20150203,000000,69.9900000,74.7100000,69.9900000,73.5000000,8532280
20150204,000000,74.4400000,74.7400000,72.6100000,73.3000000,2920230
20150205,000000,73.0100000,73.6000000,71.1000000,72.0000000,3818030
20150206,000000,72.4700000,74.8000000,72.4200000,74.8000000,4636670
20150209,000000,74.3000000,78.0000000,74.1800000,74.2000000,6518130
20150210,000000,74.6000000,76.0200000,71.1100000,71.2600000,6396760
20150211,000000,72.2700000,72.9800000,70.3800000,70.5000000,8493190
20150212,000000,71.0800000,77.4900000,68.2300000,72.5000000,27245440
20150213,000000,72.8100000,74.2500000,72.0400000,72.5000000,5854940
20150216,000000,72.5100000,74.9800000,71.5000000,74.8800000,3721620
20150217,000000,75.0000000,75.9900000,73.5000000,75.4500000,3619120
20150218,000000,76.1500000,78.4000000,75.1400000,78.4000000,8026350
20150219,000000,78.0000000,78.2100000,75.8000000,76.7500000,4816720
20150220,000000,76.9000000,78.1500000,75.0000000,75.6900000,4846240
20150224,000000,73.0500000,78.3900000,72.7200000,76.5000000,12980880
20150225,000000,76.7100000,77.3500000,75.8600000,76.6000000,3289940
20150226,000000,77.0000000,78.9300000,76.2300000,77.4500000,6500760
20150227,000000,77.1100000,78.1500000,75.8100000,76.9000000,4453770
20150302,000000,76.2100000,78.0400000,76.0100000,76.0100000,4461270
20150303,000000,76.0000000,76.9500000,73.7000000,74.8800000,6763420
20150304,000000,74.8500000,75.3900000,69.7400000,70.6700000,11730100
20150305,000000,71.2100000,71.3400000,69.2000000,70.0000000,9168530
20150306,000000,70.8500000,72.3000000,68.7200000,69.0000000,9555310
20150310,000000,68.5800000,68.9600000,64.4000000,65.0000000,16709960
20150311,000000,65.2700000,68.3400000,65.2700000,67.9000000,16686010
20150312,000000,68.8900000,69.4000000,66.5200000,69.2000000,16205860
20150313,000000,68.9300000,69.9800000,65.8100000,67.3000000,7373180
20150316,000000,67.0000000,68.2500000,66.0300000,67.2600000,5010530
20150317,000000,68.0300000,69.5000000,66.4700000,66.5000000,6320350
20150318,000000,67.0300000,68.1600000,66.6500000,67.7000000,3281060
20150319,000000,68.1000000,68.5400000,66.7700000,66.9900000,3646280
20150320,000000,67.1000000,67.6400000,65.8000000,65.8000000,4340590
20150323,000000,66.2700000,67.7500000,64.9100000,65.9800000,11278450
20150324,000000,65.8300000,69.2500000,65.5200000,69.0000000,9213460
20150325,000000,68.8000000,69.4800000,68.5900000,69.2500000,4384550
20150326,000000,69.5900000,70.3200000,68.7100000,69.4300000,6835660
20150327,000000,69.4900000,69.8000000,66.3500000,66.6500000,6329130
20150330,000000,66.1300000,69.1900000,66.1000000,68.9900000,7036330
20150331,000000,68.7500000,69.0000000,67.6000000,69.0000000,5793770
20150401,000000,68.6500000,70.6000000,68.3100000,70.2600000,7834370
20150402,000000,71.0700000,75.4900000,70.7100000,75.4900000,14991330
20150403,000000,75.5000000,75.6100000,73.8000000,74.7500000,4631020
20150406,000000,74.6900000,76.5000000,74.5600000,76.4900000,4821750
20150407,000000,76.4900000,77.7600000,76.0000000,77.0100000,5603760
20150408,000000,76.7000000,77.3100000,74.1800000,75.2000000,8874270
20150409,000000,74.9000000,76.0000000,71.8200000,72.3000000,10836080
20150410,000000,72.5300000,74.3600000,71.0000000,73.5000000,9435710
20150413,000000,73.4600000,74.9500000,73.3400000,74.5000000,5233860
20150414,000000,74.4200000,75.5000000,72.6600000,73.4000000,5157180
20150415,000000,73.4000000,73.8900000,72.0100000,73.3000000,4671500
20150416,000000,73.6300000,76.3200000,73.6300000,76.0000000,5484470
20150417,000000,75.9900000,76.7000000,73.6000000,73.6000000,7522850
20150420,000000,74.0400000,76.0000000,74.0400000,75.5900000,5112670
20150421,000000,75.1400000,76.4300000,75.0700000,76.1000000,2826180
20150422,000000,76.1200000,76.4700000,74.8700000,75.8000000,6885940
20150423,000000,75.4400000,76.0600000,74.0100000,74.0100000,4298250
20150424,000000,74.8000000,75.2000000,73.1200000,75.2000000,5657730
20150427,000000,75.2200000,78.5000000,74.8900000,76.6500000,12327360
20150428,000000,76.7800000,76.8500000,73.6900000,74.3500000,7919040
20150429,000000,74.6900000,75.7700000,73.8500000,74.0300000,5476730
20150430,000000,74.0000000,77.5800000,73.7000000,77.0000000,6807030
20150505,000000,76.7500000,79.4000000,76.6800000,79.4000000,10900870
20150506,000000,79.0100000,79.5200000,77.9000000,78.8000000,4581890
20150507,000000,77.9300000,78.1000000,75.3500000,76.0000000,6907840
20150508,000000,74.0400000,74.1000000,72.0200000,73.4900000,7064020
20150512,000000,73.5500000,75.4500000,73.2700000,74.5000000,5327650
20150513,000000,74.7800000,75.4600000,73.0300000,73.5000000,4682130
20150514,000000,74.1200000,74.9200000,71.0500000,71.4000000,7213380
20150515,000000,71.9700000,72.8600000,71.6200000,72.2500000,2702580
20150518,000000,72.8100000,74.4500000,72.6300000,73.5400000,5055040
20150519,000000,74.0000000,74.1000000,72.3000000,72.6300000,3512910
20150520,000000,72.7600000,74.1900000,71.0700000,73.1800000,6208490
20150521,000000,73.3600000,74.9800000,73.3500000,74.8200000,4817510
20150522,000000,74.3000000,75.6900000,74.2400000,75.1500000,3022460
20150525,000000,74.6500000,75.6900000,74.5100000,75.4700000,2138010
20150526,000000,74.6400000,75.7700000,73.0000000,74.3000000,4565810
20150527,000000,74.2000000,74.2000000,72.0800000,72.8900000,5959620
20150528,000000,72.8900000,72.9900000,70.4200000,71.2300000,7378040
20150529,000000,71.3000000,72.8200000,70.1000000,72.0000000,19694680
20150601,000000,72.3200000,72.4400000,71.4500000,72.2300000,3818850
20150602,000000,72.0900000,74.2000000,70.5500000,73.5000000,11410150
20150603,000000,73.7900000,74.0000000,71.1500000,71.1500000,6127390
20150604,000000,71.4800000,72.0000000,69.9000000,70.5500000,8778300
20150605,000000,70.3400000,73.0000000,70.1900000,72.8000000,6093440
20150608,000000,73.0000000,74.2900000,72.2000000,72.2000000,4838570
20150609,000000,72.5600000,73.0000000,71.3800000,72.2500000,4990880
20150610,000000,72.4300000,72.6200000,71.0000000,71.5000000,5215400
20150611,000000,71.9000000,72.1000000,71.0500000,71.6500000,4283130
20150615,000000,71.8100000,72.2200000,70.4000000,71.5500000,5339360
20150616,000000,71.7900000,72.0000000,71.0000000,71.0000000,2557200
20150617,000000,70.8000000,72.9400000,70.7000000,72.7700000,6703610
20150618,000000,72.8500000,73.0100000,71.3000000,71.3100000,2831360
20150619,000000,71.3400000,72.2000000,71.1000000,71.1500000,3622510
20150622,000000,71.0100000,72.1000000,70.3100000,70.6400000,4996900
20150623,000000,70.7800000,71.1500000,69.2100000,69.2100000,5153960
20150624,000000,69.3600000,69.5400000,67.5500000,67.8500000,5995880
20150625,000000,67.9800000,69.4000000,67.7700000,68.2100000,4829430
20150626,000000,68.3000000,69.9000000,68.0000000,69.5900000,3989670
20150629,000000,69.2000000,69.3800000,68.0100000,69.3800000,4398800
20150630,000000,68.3400000,69.8200000,68.3300000,69.8200000,4754760
20150701,000000,69.6500000,69.7800000,68.4700000,68.8000000,2625450
20150702,000000,68.8900000,69.5700000,68.7200000,69.5700000,3150430
20150703,000000,69.4500000,69.4600000,68.1100000,68.5300000,4148160
20150706,000000,68.1900000,68.3000000,66.6600000,66.9900000,5027580
20150707,000000,67.1300000,67.5500000,65.2700000,66.4900000,7889630
20150708,000000,66.3000000,66.8300000,65.4900000,66.5900000,4643830
20150709,000000,66.9000000,67.9400000,66.7000000,67.0100000,4942060
20150710,000000,67.4100000,67.7000000,65.8800000,66.1000000,5275800
20150713,000000,66.3300000,67.6800000,66.1100000,67.5700000,3900340
20150714,000000,67.7500000,70.3700000,67.1700000,70.2400000,8320160
20150715,000000,69.9800000,72.2300000,69.6600000,72.2300000,7411930
20150716,000000,72.0800000,72.4700000,71.4000000,71.9800000,4977980
20150717,000000,71.9700000,72.4000000,71.6000000,71.8900000,2449010
20150720,000000,71.9700000,72.0200000,70.2000000,70.2000000,3177520
20150721,000000,70.2300000,71.8600000,70.2300000,70.4500000,4064930
20150722,000000,70.3300000,70.6300000,69.1500000,70.0000000,5686950
20150723,000000,70.0000000,70.0000000,68.7800000,68.9500000,3743190
20150724,000000,68.9500000,69.7500000,68.0200000,68.1100000,2967910
20150727,000000,68.2000000,69.2000000,66.8100000,67.7500000,6169690
20150728,000000,67.7600000,70.7100000,67.7300000,69.9100000,7512240
20150729,000000,70.1700000,70.6700000,69.7000000,69.7000000,4530840
20150730,000000,69.8400000,70.5900000,69.8400000,70.5900000,3159060
20150731,000000,70.3700000,71.6900000,69.8400000,70.5000000,5765780
20150803,000000,70.7500000,71.2900000,70.0600000,70.5000000,3033360
20150804,000000,70.4700000,71.2300000,70.0100000,70.5000000,3128010
20150805,000000,71.1800000,72.7500000,71.1800000,72.2000000,5190840
20150806,000000,72.4100000,74.0000000,71.6000000,73.3100000,10013560
20150807,000000,73.4700000,74.6900000,73.3300000,74.4000000,3952220
20150810,000000,74.4100000,74.4400000,72.2600000,73.6000000,5192560
20150811,000000,73.5000000,74.2000000,73.2500000,73.6000000,7647400
20150812,000000,73.7500000,74.8400000,73.2100000,74.0000000,4151700
20150813,000000,74.4100000,75.2200000,73.2000000,75.2000000,4770340
20150814,000000,74.6600000,76.8000000,74.2200000,76.1800000,4104180
20150817,000000,75.0000000,76.7400000,74.6600000,76.0000000,3098820
20150818,000000,75.5100000,76.3600000,74.1300000,75.2000000,2689580
20150819,000000,75.1100000,76.2000000,74.1800000,74.3000000,3457020
20150820,000000,74.1900000,75.5000000,74.1600000,74.5200000,3087950
20150821,000000,74.5200000,74.9700000,71.8000000,71.8000000,4115580
20150824,000000,70.0000000,71.3700000,66.5500000,69.5000000,8760950
20150825,000000,70.0000000,71.7800000,69.5000000,71.4000000,6637160
20150826,000000,71.1800000,71.6600000,70.1500000,71.1000000,3712830
20150827,000000,71.6100000,74.5500000,71.1200000,73.4200000,7765840
20150828,000000,74.3000000,74.5700000,72.3000000,74.0000000,6326290
20150831,000000,73.7100000,74.3200000,73.0500000,74.3100000,4311200
20150901,000000,74.0100000,76.6000000,73.8700000,76.6000000,10673570
20150902,000000,76.1800000,76.8000000,74.6700000,74.9100000,5655720
20150903,000000,75.3100000,76.4300000,75.3000000,75.4300000,5010330
20150904,000000,75.3200000,76.4000000,74.8200000,76.1000000,3490230
20150907,000000,76.2300000,76.2300000,73.0800000,73.9900000,5076090
20150908,000000,74.0900000,75.1800000,73.8000000,75.0000000,4537280
20150909,000000,75.2500000,76.7700000,74.8800000,74.8800000,5178030
20150910,000000,74.9300000,78.0000000,74.6200000,77.6100000,7754900
20150911,000000,77.7900000,80.8900000,77.7900000,80.5900000,12476700
20150914,000000,80.5100000,84.4800000,80.0100000,81.9700000,12421060
20150915,000000,82.5900000,82.5900000,78.9200000,79.9900000,6550170
20150916,000000,80.3000000,80.6800000,79.0900000,79.3100000,3771700
20150917,000000,79.4100000,83.9700000,79.1200000,81.8800000,7783950
20150918,000000,82.0800000,82.8700000,80.0000000,80.0000000,5266530
20150921,000000,80.6600000,81.7000000,80.0300000,80.8900000,2860910
20150922,000000,80.8500000,81.5400000,79.8300000,79.9900000,4038690
20150923,000000,80.2900000,80.9000000,79.0000000,79.0000000,4539210
20150924,000000,79.5900000,81.3800000,78.7100000,79.4000000,5446590
20150925,000000,79.9800000,80.9900000,78.2300000,80.4800000,7719460
20150928,000000,80.5000000,81.1600000,77.2000000,77.5000000,3454440
20150929,000000,77.5000000,79.5000000,77.0100000,79.5000000,4413470
20150930,000000,79.7000000,80.8400000,79.0000000,80.0000000,7228890
20151001,000000,80.4700000,80.8300000,78.1200000,79.1500000,2635490
20151002,000000,79.0200000,79.4200000,76.1500000,77.6000000,5421140
20151005,000000,78.0200000,80.5700000,77.7700000,78.7900000,4906820
20151006,000000,78.6100000,82.0800000,78.2300000,81.5000000,5874620
20151007,000000,82.4900000,83.9000000,79.6200000,83.6800000,7241920
20151008,000000,83.3200000,84.2300000,82.8500000,83.0500000,3126320
20151009,000000,83.3200000,86.4500000,82.5000000,85.4000000,10378750
20151012,000000,85.4000000,88.2000000,85.2100000,88.2000000,6675020
20151013,000000,87.9800000,88.7100000,85.9800000,86.9500000,6486090
20151014,000000,86.5000000,88.1600000,84.0400000,85.7000000,10915720
20151015,000000,85.0100000,86.6200000,83.5000000,83.5400000,6893690
20151016,000000,83.9900000,85.9800000,83.7000000,85.9000000,8176300
20151019,000000,85.7200000,86.6200000,84.5500000,86.3000000,4028750
20151020,000000,86.3500000,86.4000000,84.1300000,86.2500000,4448030
20151021,000000,85.9600000,85.9900000,84.7000000,85.9900000,2018660
20151022,000000,85.9500000,89.5000000,85.3400000,88.2900000,6356740
20151023,000000,88.3400000,92.8000000,87.6500000,92.0000000,12939960
20151026,000000,92.0000000,95.6800000,90.3000000,95.1000000,10120290
20151027,000000,94.4900000,95.4500000,89.8400000,92.0500000,10672570
20151028,000000,91.7500000,92.4000000,90.2000000,91.7000000,4242150
20151029,000000,91.7000000,91.8700000,90.5000000,91.3100000,2570280
20151030,000000,91.2900000,92.1200000,89.8400000,89.8400000,3010880
20151102,000000,90.0400000,92.3000000,90.0000000,91.9900000,4315960
20151103,000000,91.9700000,93.5700000,91.2000000,91.5000000,7646890
20151105,000000,92.4800000,93.4400000,90.0300000,91.3000000,6233450
20151106,000000,90.9500000,92.1700000,90.3000000,90.8100000,4636790
20151109,000000,90.1200000,91.5000000,89.0900000,90.1900000,4826170
20151110,000000,89.8800000,91.5000000,89.2300000,90.5000000,7289760
20151111,000000,90.0200000,92.4000000,89.4200000,91.0000000,6758670
20151112,000000,91.0000000,91.6000000,86.8400000,87.2800000,10751370
20151113,000000,87.0200000,88.5000000,85.7600000,87.2400000,7638800
20151116,000000,86.9000000,91.1800000,86.7800000,91.0000000,9612330
20151117,000000,91.1500000,95.7800000,91.1500000,94.4000000,15236600
20151118,000000,93.9000000,95.2100000,93.1400000,93.5000000,4910200
20151119,000000,93.9400000,95.6800000,92.1800000,93.0900000,7067300
20151120,000000,93.0400000,93.0400000,91.1000000,92.8900000,8192780
20151123,000000,92.8900000,94.5000000,92.1400000,94.0100000,4078290
20151124,000000,94.1600000,94.4700000,91.1000000,93.9400000,6836350
20151125,000000,93.9000000,95.3000000,93.3100000,94.0500000,3581900
20151126,000000,94.3000000,95.4000000,94.0000000,94.8000000,2419270
20151127,000000,94.6000000,102.2300000,92.4600000,97.0000000,9102670
20151130,000000,96.7000000,98.6700000,93.7000000,94.5000000,9490060
20151201,000000,94.6300000,97.1500000,93.8000000,96.0000000,7695480
20151202,000000,95.3300000,95.8000000,94.3900000,94.6900000,5177190
20151203,000000,94.3500000,94.9900000,93.6400000,94.0200000,2151380
20151204,000000,94.3000000,94.5800000,92.0000000,93.8000000,4996150
20151207,000000,93.5300000,94.4500000,92.7600000,93.5900000,3425080
20151208,000000,93.2400000,93.7100000,89.2500000,90.2500000,5765260
20151209,000000,90.7500000,92.1200000,87.6700000,88.3000000,6257500
20151210,000000,88.3200000,90.0400000,88.2500000,89.2700000,7055170
20151211,000000,89.3700000,90.7000000,86.9500000,90.7000000,7227940
20151214,000000,90.2500000,90.8000000,88.7200000,88.8000000,4427950
20151215,000000,89.3600000,95.2800000,89.1700000,94.9000000,9289460
20151216,000000,94.8900000,96.8300000,92.3000000,92.3000000,8434580
20151217,000000,92.7400000,95.5000000,92.5600000,94.2100000,5927050
20151218,000000,94.0900000,94.8300000,92.0000000,94.8200000,3825340
20151221,000000,94.5000000,96.4700000,93.9000000,96.0000000,4443070
20151222,000000,96.2200000,96.6900000,94.4100000,95.7500000,7659350
20151223,000000,96.0000000,96.7200000,95.0200000,96.5000000,3829800
20151224,000000,96.6400000,96.8800000,95.0500000,95.5700000,2536140
20151225,000000,95.5600000,96.0900000,94.5000000,94.7200000,2381870
20151228,000000,94.7900000,95.1300000,93.5500000,93.5500000,2036020
20151229,000000,93.7900000,94.9300000,92.5500000,93.6200000,2496740
20151230,000000,93.8100000,94.2600000,91.4000000,91.4000000,3870970
20160104,000000,91.3200000,91.8500000,90.1200000,91.8500000,3229540
20160105,000000,91.8300000,94.4700000,91.8100000,94.3000000,4923030
20160106,000000,94.3400000,94.8700000,93.8800000,94.4400000,2463000
20160111,000000,92.3100000,95.8400000,91.0000000,94.5000000,6217680
20160112,000000,94.4000000,97.0000000,93.1300000,93.7500000,4783210
20160113,000000,93.8900000,94.7000000,91.5000000,91.6000000,6294260
20160114,000000,91.8600000,92.8200000,90.2600000,91.6500000,9267230
20160115,000000,91.8100000,91.9700000,86.5900000,86.5900000,11265380
20160118,000000,86.0000000,90.7300000,85.2000000,90.1500000,10136980
20160119,000000,92.1100000,92.3000000,88.7500000,90.4500000,6605480
20160120,000000,89.5600000,92.0700000,88.0000000,90.2100000,10929380
20160121,000000,90.5300000,91.8600000,89.0500000,90.0000000,11980430
20160122,000000,91.1400000,91.4500000,88.5000000,90.2800000,11759140
20160125,000000,90.7700000,90.8500000,89.5100000,90.0000000,4008250
20160126,000000,89.9000000,90.5000000,89.3200000,90.0000000,5471300
20160127,000000,90.2700000,93.9000000,89.6300000,93.6500000,7701290
20160128,000000,93.4000000,95.1500000,91.2700000,92.7000000,8978100
20160129,000000,93.0000000,96.0000000,92.5300000,95.9900000,10672760
20160201,000000,95.2500000,96.6700000,94.1200000,96.5000000,6215290
20160202,000000,96.1200000,96.6800000,94.9300000,96.2000000,5459240
20160203,000000,95.7300000,100.7000000,95.2100000,99.6000000,7427600
20160204,000000,95.0000000,95.9900000,92.2000000,92.3000000,48046220
20160205,000000,93.1900000,95.0000000,92.5200000,93.0300000,13053870
20160208,000000,93.3900000,94.0000000,90.6000000,91.1400000,8194470
20160209,000000,91.2100000,91.9500000,90.1200000,91.0900000,7255340
20160210,000000,90.8000000,91.5000000,90.0800000,90.9500000,7570140
20160211,000000,91.0000000,91.1600000,87.7900000,89.0000000,11396560
20160212,000000,89.8000000,90.2900000,88.2000000,89.5800000,13064060
20160215,000000,90.3000000,90.7600000,88.7500000,90.4000000,10586680
20160216,000000,90.7500000,91.7700000,90.4400000,91.0000000,8381730
20160217,000000,91.0500000,91.6000000,90.0900000,91.0000000,6053490
20160218,000000,91.2500000,92.8900000,91.2500000,92.4700000,8044290
20160219,000000,92.0700000,92.0700000,89.0100000,89.9500000,5999500
20160220,000000,90.2600000,90.7300000,90.0200000,90.4800000,1369540
20160222,000000,90.6200000,92.3200000,90.5700000,92.0900000,5295000
20160224,000000,91.3600000,93.3000000,91.0300000,93.2000000,10646310
20160225,000000,93.2700000,95.1000000,93.2500000,95.0900000,10615220
20160226,000000,95.2000000,97.4300000,94.9000000,96.8100000,18610020
20160229,000000,96.1300000,99.0000000,95.7100000,99.0000000,8962430
20160301,000000,99.0000000,99.3200000,97.1700000,97.8000000,7197970
20160302,000000,98.2500000,98.7000000,97.6000000,97.6000000,5421420
20160303,000000,98.5000000,99.2500000,96.6500000,97.7000000,8803330
20160304,000000,98.6000000,99.4300000,97.3000000,99.0000000,12184620
20160307,000000,99.1700000,100.9000000,98.3000000,100.5000000,10634310
20160309,000000,100.1000000,100.7800000,98.9500000,99.9000000,5925560
20160310,000000,100.0800000,102.5000000,99.7600000,101.9200000,8893160
20160311,000000,102.3800000,103.8500000,101.1600000,101.4000000,7677940
20160314,000000,101.1000000,104.4800000,100.6000000,103.8500000,11631260
20160315,000000,103.9500000,105.3000000,102.7000000,103.7000000,18671180
20160316,000000,103.1400000,106.0600000,103.1100000,105.7000000,14844800
20160317,000000,106.2300000,108.1000000,105.2100000,105.7800000,12595370
20160318,000000,106.0000000,108.7700000,105.2000000,105.2000000,27157150
20160321,000000,105.7600000,106.3000000,104.2500000,104.2500000,11228620
20160322,000000,104.4700000,105.9400000,102.6600000,103.4900000,9396270
20160323,000000,102.9900000,104.9100000,102.7700000,104.4900000,9350550
20160324,000000,104.1300000,105.3000000,103.7700000,104.6000000,7441760
20160325,000000,104.8400000,105.7400000,104.2000000,104.8800000,2485420
20160328,000000,105.0000000,105.9800000,102.6500000,103.1800000,5014360
20160329,000000,103.1700000,103.2000000,99.2000000,100.9100000,11982730
20160330,000000,101.3500000,102.2600000,99.9000000,101.8100000,11986780
20160331,000000,101.8100000,105.0500000,101.0200000,105.0500000,13622710
20160401,000000,104.7000000,105.0500000,103.1100000,105.0500000,9256810
20160404,000000,104.9200000,105.4900000,103.3500000,103.5200000,5310890
20160405,000000,103.0600000,103.0900000,101.3400000,102.4000000,5758700
20160406,000000,103.0000000,103.3700000,102.0500000,102.6700000,5880540
20160407,000000,103.1900000,103.3600000,101.5000000,103.0000000,5036820
20160408,000000,103.2000000,104.9900000,102.5000000,104.2000000,5984550
20160411,000000,104.4000000,105.3800000,103.9600000,104.5500000,5341450
20160412,000000,104.5500000,105.4900000,103.5500000,104.9000000,6134340
20160413,000000,104.9000000,106.0000000,104.4100000,104.9000000,8649890
20160414,000000,104.3100000,104.7500000,102.1600000,103.4700000,7790160
20160415,000000,102.9000000,103.4800000,101.6500000,102.0500000,4075810
20160418,000000,100.8700000,104.2400000,100.5800000,104.0000000,7943330
20160419,000000,104.2400000,107.0500000,103.7300000,107.0500000,9851110
20160420,000000,106.7000000,112.5400000,106.5100000,108.8400000,12714520
20160421,000000,109.7500000,111.7000000,107.2100000,108.7000000,6618020
20160422,000000,109.0300000,109.9500000,107.9200000,109.9500000,12183680
20160425,000000,109.9800000,110.7200000,107.6100000,109.2500000,4933770
20160426,000000,109.0000000,109.0000000,103.9900000,103.9900000,11676040
20160427,000000,104.1200000,105.3000000,102.6600000,103.3600000,6523160
20160428,000000,103.5300000,104.7400000,101.1300000,104.7100000,11289370
20160429,000000,104.2200000,105.3000000,101.5500000,102.1500000,8982040
20160504,000000,101.7000000,105.1500000,101.5000000,105.1500000,7089260
20160505,000000,105.6300000,107.3400000,103.5800000,106.2300000,6757040
20160506,000000,106.2300000,106.2400000,103.6700000,103.9300000,5409320
20160510,000000,104.0000000,104.6600000,101.6800000,102.8000000,9603220
20160511,000000,102.8000000,106.3100000,102.7000000,106.0400000,8571960
20160512,000000,106.2800000,107.9000000,105.6700000,107.0000000,11671980
20160513,000000,101.7500000,104.3200000,101.6000000,104.3200000,12146470
20160516,000000,104.6100000,105.1300000,103.2500000,104.3600000,4347910
20160517,000000,103.8000000,104.3500000,102.1000000,103.7100000,5134090
20160518,000000,103.8300000,105.7800000,103.0000000,105.2200000,6486030
20160519,000000,104.8400000,105.2300000,103.4100000,105.2000000,4485500
20160520,000000,105.0300000,105.5300000,104.0000000,104.0000000,3560450
20160523,000000,104.2200000,104.3800000,102.5500000,104.0000000,5286730
20160524,000000,104.0000000,105.2000000,103.6500000,105.1000000,8798520
20160525,000000,105.5000000,106.6300000,104.8300000,106.1700000,8999020
20160526,000000,106.1100000,106.9600000,105.1100000,106.4700000,4046730
20160527,000000,106.4700000,106.9700000,104.5200000,106.9400000,5960680
20160530,000000,106.7800000,107.0900000,105.8200000,106.7500000,2361160
20160531,000000,106.8200000,111.1800000,105.6000000,109.4000000,16829670
20160601,000000,108.8500000,108.9800000,106.5200000,106.7200000,4276870
20160602,000000,106.9800000,108.3300000,106.5000000,108.0000000,5775650
20160603,000000,108.2800000,109.6700000,107.8500000,109.1000000,6118740
20160606,000000,108.8300000,111.5000000,108.5000000,111.2000000,5711660
20160607,000000,110.5000000,113.1200000,110.1700000,112.4000000,9586250
20160608,000000,112.0200000,113.8300000,109.8000000,111.6500000,11345210
20160609,000000,111.5000000,111.8300000,110.1100000,111.0000000,6992750
20160610,000000,110.8300000,112.1400000,107.6600000,110.8100000,4146070
20160614,000000,111.0000000,113.2600000,110.7600000,113.1000000,12656210
20160615,000000,113.2700000,115.8900000,113.1000000,115.7400000,7501000
20160616,000000,115.9100000,115.9400000,113.3400000,114.9000000,6582950
20160617,000000,114.9600000,114.9900000,113.0900000,113.0900000,4567740
20160620,000000,113.7600000,119.0000000,113.6200000,119.0000000,8866810
20160621,000000,119.0000000,119.2600000,115.8100000,117.0600000,5429080
20160622,000000,117.0300000,117.8700000,115.8200000,117.0100000,3102340
20160623,000000,116.5000000,117.3900000,115.7400000,117.0500000,3794210
20160624,000000,113.9900000,117.3700000,112.2100000,114.1000000,4406370
20160627,000000,114.2400000,116.1900000,112.0000000,112.0000000,5469250
20160628,000000,112.5000000,113.1800000,111.1200000,112.9900000,3182260
20160629,000000,113.1800000,113.9800000,112.5000000,113.7500000,2744350
20160630,000000,113.5500000,114.5000000,112.1000000,112.5200000,2985250
20160701,000000,112.0000000,112.8500000,110.7000000,112.4400000,3460950
20160704,000000,112.4700000,113.0600000,111.4100000,112.9000000,2401820
20160705,000000,112.5800000,112.5800000,109.8800000,110.7800000,2981160
20160706,000000,110.1800000,112.0400000,110.1000000,111.0000000,3435850
20160707,000000,111.4800000,113.0600000,111.4800000,113.0600000,4969250
20160708,000000,112.9200000,115.5000000,112.0000000,115.2200000,7493600
20160711,000000,115.0700000,119.1900000,115.0000000,119.1900000,8469890
20160712,000000,119.3200000,120.2200000,117.8100000,119.9800000,7983500
20160713,000000,119.7300000,120.0000000,118.2200000,119.7000000,5070940
20160714,000000,119.7900000,119.7900000,117.3100000,119.6100000,2728240
20160715,000000,119.0000000,120.9000000,118.2000000,120.0000000,4860410
20160718,000000,119.3100000,120.0900000,117.6500000,119.2000000,3170910
20160719,000000,118.9200000,119.8000000,117.7300000,119.0000000,3342930
20160720,000000,118.5800000,119.1000000,112.7600000,114.7300000,10279480
20160721,000000,115.5100000,116.6900000,113.7800000,115.3900000,5186670
20160722,000000,116.2300000,117.4300000,115.9500000,115.9500000,3157300
20160725,000000,116.0800000,118.1100000,116.0500000,117.3500000,2654950
20160726,000000,117.1600000,117.2000000,114.0300000,114.5000000,4275670
20160727,000000,114.7100000,115.3000000,113.6700000,114.0000000,7925780
20160728,000000,114.3000000,114.9500000,113.2200000,114.9500000,3401170
20160729,000000,114.7700000,114.8800000,112.3400000,113.5100000,6080980
20160801,000000,113.5500000,114.5000000,112.5100000,112.7000000,5069870
20160802,000000,112.8200000,112.8200000,110.6000000,111.2700000,6978560
20160803,000000,110.9700000,111.9500000,110.7500000,111.6300000,2860500
20160804,000000,112.0000000,115.5500000,112.0000000,115.1900000,7090740
20160805,000000,115.5800000,116.4700000,113.6200000,114.8700000,4487150
20160808,000000,114.9000000,117.9900000,114.8000000,117.9400000,5136440
20160809,000000,117.6400000,118.5000000,117.0800000,117.5200000,4014660
20160810,000000,117.6500000,120.7000000,117.0000000,119.0000000,8685450
20160811,000000,118.7800000,120.1800000,117.3300000,119.4800000,4358340
20160812,000000,119.5700000,123.3200000,119.5600000,123.0000000,12346650
20160815,000000,123.4500000,125.7500000,122.9900000,124.9900000,7906840
20160816,000000,124.4900000,129.4400000,124.1300000,129.4400000,6696900
20160817,000000,126.9000000,128.3500000,125.5200000,126.6100000,9672250
20160818,000000,127.0000000,127.8700000,126.0300000,126.6000000,3246660
20160819,000000,126.9000000,127.8000000,125.5000000,126.0000000,3837970
20160822,000000,125.8500000,126.9900000,124.6200000,125.5500000,3284340
20160823,000000,125.4300000,126.3700000,124.2000000,124.9000000,2986040
20160824,000000,124.3000000,127.0000000,124.1500000,127.0000000,3309770
20160825,000000,126.9900000,128.0000000,126.2200000,127.0100000,3610690
20160826,000000,127.1000000,131.3500000,126.7000000,130.7500000,5792400
20160829,000000,130.1900000,132.4000000,129.5000000,132.3400000,3022220
20160830,000000,132.2000000,132.3400000,130.5000000,130.6300000,2751800
20160831,000000,130.6000000,131.5800000,126.0100000,127.0700000,6748580
20160901,000000,127.0500000,127.9800000,126.3100000,126.8000000,2823330
20160902,000000,127.2900000,128.5700000,126.3300000,128.4500000,4632350
20160905,000000,128.4500000,129.7200000,128.4200000,129.2900000,2869980
20160906,000000,129.5000000,130.4700000,127.4500000,130.4700000,2653720
20160907,000000,130.2500000,130.4000000,128.3000000,129.3000000,2809980
20160908,000000,129.6200000,129.7800000,128.7000000,129.2000000,2629460
20160909,000000,128.9900000,129.1900000,126.4800000,126.5500000,2903890
20160912,000000,126.2300000,127.8300000,126.0100000,126.6700000,2366730
20160913,000000,127.1700000,127.3700000,121.8500000,122.1900000,8530700
20160914,000000,122.4100000,122.7900000,120.8500000,121.5000000,5162760
20160915,000000,121.5200000,122.4800000,120.8200000,122.3900000,6581730
20160916,000000,121.9500000,122.9900000,121.4200000,122.9900000,5824410
20160919,000000,123.0000000,127.6000000,122.5000000,127.3000000,6089690
20160920,000000,127.3000000,127.7700000,125.9800000,127.5000000,4978170
20160921,000000,127.9800000,129.5000000,126.9300000,127.3100000,4862490
20160922,000000,128.4900000,130.8900000,128.0000000,130.8900000,6063200
20160923,000000,130.9200000,131.5000000,128.5100000,129.6000000,4107520
20160926,000000,128.7400000,128.7800000,126.2500000,127.4500000,4390750
20160927,000000,127.7000000,127.7000000,123.0000000,123.0000000,6787220
20160928,000000,122.9200000,125.7700000,122.5200000,123.8900000,3676970
20160929,000000,125.5100000,126.8900000,124.3100000,125.1800000,6490470
20160930,000000,124.7800000,127.8000000,123.0500000,126.6000000,7821100
20161003,000000,127.2700000,128.9800000,126.0700000,127.6700000,4691420
20161004,000000,127.3700000,127.8800000,120.2000000,120.2000000,9194030
20161005,000000,121.9400000,123.5000000,120.6900000,122.6000000,10986560
20161006,000000,122.5300000,122.8800000,121.2300000,122.2500000,2666370
20161007,000000,122.3300000,123.2500000,120.8200000,121.6700000,6534430
20161010,000000,121.8400000,124.1000000,121.2700000,123.2900000,5525970
20161011,000000,123.3300000,124.6400000,122.2000000,124.0000000,7062710
20161012,000000,124.1800000,125.2200000,123.2800000,124.0500000,6920300
20161013,000000,123.9800000,124.4800000,122.6200000,123.5500000,3115930
20161014,000000,123.5700000,124.8000000,123.1700000,124.2700000,3485890
20161017,000000,124.4400000,124.4400000,123.1200000,123.5000000,3590800
20161018,000000,123.7900000,124.2400000,122.5300000,124.2400000,3447300
20161019,000000,124.0300000,124.2300000,122.9000000,122.9100000,2735080
20161020,000000,123.0800000,123.1600000,118.8000000,119.0600000,6495560
20161021,000000,119.2100000,119.2400000,115.0000000,116.0000000,9386360
20161024,000000,116.3900000,117.3900000,111.7500000,112.8300000,9214540
20161025,000000,113.4000000,118.4000000,112.7200000,117.6500000,13326030
20161026,000000,117.6200000,119.2000000,116.6800000,117.3100000,3582120
20161027,000000,117.5000000,119.7500000,117.3100000,118.8000000,3385560
20161028,000000,118.9500000,118.9500000,116.0800000,117.3900000,4111710
20161031,000000,117.4000000,117.4100000,115.2100000,116.7100000,6532650
20161101,000000,117.0900000,117.8000000,114.0500000,114.7000000,7970260
20161102,000000,114.7000000,115.7800000,113.7500000,114.9100000,3862370
20161103,000000,114.8300000,116.1400000,114.0300000,114.9100000,4147510
20161107,000000,115.1800000,115.5000000,110.1700000,110.1700000,16962130
20161108,000000,110.6100000,112.7000000,110.6100000,111.2000000,5229890
20161109,000000,109.9700000,114.2400000,108.2400000,112.9900000,13491350
20161110,000000,113.7000000,118.4900000,113.4100000,114.0000000,14997390
20161111,000000,114.6000000,115.2700000,112.2000000,112.2000000,11616480
20161114,000000,112.7000000,113.1700000,109.1200000,110.0000000,16286730
20161115,000000,110.3200000,112.7500000,109.8700000,111.2100000,8402080
20161116,000000,111.9900000,113.7000000,110.5200000,111.3000000,15550210
20161117,000000,111.4600000,112.1400000,108.5200000,109.0000000,14632680
20161118,000000,109.0600000,112.7000000,108.5400000,112.6200000,12233890
20161121,000000,113.2100000,115.4500000,112.1700000,113.0300000,8803710
20161122,000000,113.8000000,116.6800000,113.2100000,116.6800000,9821830
20161123,000000,116.9100000,119.2200000,116.1100000,119.0000000,11108600
20161124,000000,119.0600000,119.6700000,117.5600000,118.6700000,6961640
20161125,000000,118.1400000,118.7000000,116.3000000,117.5000000,6852710
20161128,000000,117.4200000,117.9800000,115.6100000,116.3000000,3905690
20161129,000000,116.1300000,116.4900000,114.0100000,114.0100000,8868650
20161130,000000,114.3100000,119.6400000,113.7500000,118.3500000,11653720
20161201,000000,119.3300000,121.6300000,119.1400000,119.6000000,10290660
20161202,000000,119.5500000,119.6900000,116.7000000,116.7000000,7560890
20161205,000000,116.4600000,119.5500000,116.2700000,119.4500000,7395670
20161206,000000,118.9900000,120.8700000,118.1000000,119.8100000,7832990
20161207,000000,119.6200000,120.6200000,118.7000000,118.7000000,4214310
20161208,000000,119.3600000,120.5000000,118.7200000,119.7000000,6753440
20161209,000000,120.0600000,122.2000000,119.2600000,120.5500000,8828670
20161212,000000,122.4500000,125.3000000,120.7200000,125.0000000,15683760
20161213,000000,125.1000000,129.2700000,123.8000000,128.4600000,10517960
20161214,000000,128.4600000,128.4600000,122.3400000,122.5000000,12053140
20161215,000000,122.3000000,125.0000000,121.1000000,124.9000000,8941840
20161216,000000,125.2500000,126.2400000,122.6700000,122.7300000,9643390
20161219,000000,123.2100000,124.8400000,122.7300000,124.0000000,5257430
20161220,000000,123.6500000,123.9400000,121.5400000,122.5000000,5441260
20161221,000000,122.2300000,125.5000000,120.4000000,120.4000000,7583520
20161222,000000,120.1900000,120.3700000,117.2900000,117.5000000,6536610
20161223,000000,117.2000000,118.4000000,116.5100000,116.6700000,4175800
20161226,000000,116.9900000,119.1600000,116.1600000,118.1500000,2319370
20161227,000000,118.5000000,119.4900000,118.2500000,119.4300000,2123170
20161228,000000,119.4900000,121.3500000,119.1400000,120.5100000,3192540
20161229,000000,120.8500000,123.1000000,119.0900000,122.4500000,4192570
20161230,000000,122.5500000,125.5900000,122.3500000,125.5900000,6645450
20170103,000000,125.4200000,130.4100000,125.4000000,127.9000000,11976500
20170104,000000,128.3800000,130.0000000,126.8300000,130.0000000,5595090
20170105,000000,129.9900000,130.8400000,126.6000000,127.7500000,6814030
20170106,000000,127.7500000,128.6500000,125.1200000,125.5700000,3126460
20170109,000000,126.3600000,128.3900000,125.0200000,127.8000000,7624380
20170110,000000,127.8200000,130.1300000,126.4800000,129.9500000,6510870
20170111,000000,129.2800000,134.7700000,129.0000000,134.7700000,14895270
20170112,000000,134.6100000,137.6000000,133.1500000,137.6000000,10593620
20170113,000000,137.0400000,137.4900000,133.8000000,134.6900000,10947710
20170116,000000,134.6900000,135.3700000,132.5100000,133.0000000,4588820
20170117,000000,133.2000000,134.2900000,129.1100000,129.8000000,10280330
20170118,000000,129.8600000,131.8000000,129.5000000,131.5000000,4972770
20170119,000000,131.7700000,134.4000000,130.0600000,131.6800000,7624810
20170120,000000,131.1800000,132.3900000,129.7400000,130.7500000,3275830
20170123,000000,130.7000000,132.4900000,128.5500000,130.4000000,4336040
20170124,000000,130.6500000,131.7500000,130.1000000,131.6100000,5714480
20170125,000000,131.5000000,132.4500000,131.0600000,131.8600000,3973050
20170126,000000,132.2900000,136.9900000,132.2100000,136.4200000,7557980
20170127,000000,136.4000000,139.8000000,136.0800000,138.5000000,6851980
20170130,000000,138.5600000,138.8800000,135.0200000,136.0000000,4810840
20170131,000000,135.8600000,136.8700000,134.2000000,134.2000000,4122530
20170201,000000,134.4400000,135.1000000,133.0000000,134.8000000,5137920
20170202,000000,134.8000000,135.6500000,132.3400000,134.1700000,4774800
20170203,000000,134.1200000,135.9000000,131.2400000,135.7900000,7191960
20170206,000000,135.7900000,136.7000000,133.5500000,135.1000000,3740800
20170207,000000,135.0200000,135.0400000,133.0100000,133.6900000,3010310
20170208,000000,133.2600000,133.6100000,131.2500000,131.5500000,4436480
20170209,000000,131.8400000,132.7700000,129.8200000,131.6700000,4332170
20170210,000000,131.7000000,133.7000000,129.0000000,130.7900000,5438890
20170213,000000,130.5800000,132.1200000,129.2200000,129.4800000,4460430
20170214,000000,129.6100000,129.9300000,126.2600000,127.4000000,7156410
20170215,000000,127.1200000,128.6000000,125.2000000,127.8100000,9175190
20170216,000000,128.3900000,128.4200000,125.5500000,127.0000000,6413930
20170217,000000,127.0100000,128.2000000,126.0000000,126.5000000,7323090
20170220,000000,126.7300000,127.3000000,123.6900000,124.3800000,6363610
20170221,000000,124.1600000,125.5000000,123.0900000,124.9700000,5379950
20170222,000000,124.9900000,126.2500000,122.5000000,126.2000000,7165450
20170224,000000,125.5200000,127.2000000,124.6000000,126.2000000,7751190
20170227,000000,126.3800000,126.5500000,122.8000000,123.0000000,6558930
20170228,000000,123.1900000,125.5000000,121.5500000,123.5000000,7604300
20170301,000000,123.6700000,128.2500000,123.0900000,128.2500000,6034930
20170302,000000,128.3100000,130.6000000,123.6000000,124.4700000,9613610
20170303,000000,124.1700000,124.3900000,117.9100000,118.2600000,20672410
20170306,000000,118.3000000,119.0000000,113.5100000,113.5100000,18977720
20170307,000000,113.2100000,116.4500000,112.2100000,116.4500000,13825110
20170309,000000,114.6500000,117.7700000,113.0000000,113.5000000,18264040
20170310,000000,114.1200000,114.8300000,111.6700000,113.0000000,9674790
20170313,000000,113.3400000,115.4000000,112.1500000,114.0200000,7941920
20170314,000000,114.3700000,115.0900000,112.7200000,113.2000000,7690710
20170315,000000,113.5400000,114.2000000,110.1000000,110.1500000,10934760
20170316,000000,111.5500000,112.8500000,111.0000000,112.8100000,12745970
20170317,000000,112.8600000,116.3900000,112.7200000,114.4500000,13036430
20170320,000000,114.9800000,117.8000000,114.5500000,117.1600000,13200470
20170321,000000,117.6700000,119.3300000,113.7800000,114.3800000,16245770
20170322,000000,113.4000000,114.7800000,111.5700000,113.4900000,15997040
20170323,000000,114.3300000,115.6600000,111.7800000,112.0100000,9726970
20170324,000000,112.1800000,115.0900000,111.2200000,114.3200000,9570070
20170327,000000,113.1100000,113.9900000,111.4000000,112.4000000,6271980
20170328,000000,112.7000000,114.6500000,112.4300000,114.6200000,7208660
20170329,000000,115.0900000,115.7800000,113.1100000,113.4100000,8261440
20170330,000000,113.7800000,114.9300000,113.1800000,114.1000000,4448210
20170331,000000,114.2000000,114.4300000,111.5100000,111.5100000,5678610
20170403,000000,112.2000000,114.8800000,111.6200000,114.6000000,8010990
20170404,000000,114.6000000,114.7100000,113.2000000,114.3400000,6607550
20170405,000000,114.4800000,116.9000000,114.1100000,116.1500000,10880380
20170406,000000,115.0600000,115.9600000,114.5500000,114.9900000,4989870
20170407,000000,114.5500000,114.7800000,111.6200000,111.7500000,10746460
20170410,000000,111.6600000,111.6600000,106.1200000,107.5500000,20197470
20170411,000000,106.9500000,109.2100000,106.7300000,107.5500000,8636290
20170412,000000,108.5000000,108.7800000,104.3600000,104.9000000,9194990
20170413,000000,106.0900000,107.0200000,103.7500000,105.9000000,9315020
20170414,000000,105.2400000,105.8900000,103.9300000,104.3500000,3516750
20170417,000000,104.5000000,107.7100000,104.4900000,107.6700000,8290930
20170418,000000,108.0300000,108.0900000,105.0500000,105.5000000,8342180
20170419,000000,105.4500000,106.8500000,104.3600000,106.5000000,7322370
20170420,000000,105.8400000,109.5000000,105.1600000,109.2000000,14015270
20170421,000000,109.2400000,111.4000000,108.8500000,111.4000000,9886570
20170424,000000,112.0600000,114.1000000,110.7300000,112.3600000,10974300
20170425,000000,112.1700000,115.2800000,111.8500000,114.6200000,10188420
20170426,000000,115.2500000,115.7000000,113.8000000,115.0000000,11881360
20170427,000000,114.5500000,115.8800000,113.1100000,115.7900000,7283860
20170428,000000,116.0000000,116.0000000,114.3000000,115.0500000,7186320
20170502,000000,115.1100000,117.7500000,115.1000000,117.3000000,8658420
20170503,000000,117.2700000,119.0300000,115.8600000,118.2000000,8501520
20170504,000000,117.8700000,118.4900000,114.7400000,114.7400000,10965410
20170505,000000,112.0100000,116.6800000,111.6000000,116.3000000,8618020
20170510,000000,116.2300000,117.9700000,115.7000000,116.7300000,8796690
20170511,000000,116.8000000,116.9800000,114.7700000,115.4500000,5941690
20170512,000000,115.2300000,116.3300000,114.0700000,115.3500000,9675810
20170515,000000,109.1000000,109.8700000,108.1800000,108.9000000,7816650
20170516,000000,108.9500000,109.6000000,105.0000000,105.3400000,9946600
20170517,000000,105.1000000,107.7100000,104.6300000,107.0500000,7457870
20170518,000000,106.1800000,107.3800000,104.3800000,105.7500000,8266890
20170519,000000,106.1400000,106.8900000,102.1300000,102.5000000,9337010
20170522,000000,102.6500000,103.3500000,101.0000000,101.4500000,8304960
20170523,000000,101.5300000,104.7800000,101.2500000,103.4300000,6607550
20170524,000000,103.7100000,104.2800000,101.9200000,102.5000000,6182180
20170525,000000,102.7700000,103.0200000,99.6600000,99.8000000,11172850
20170526,000000,99.0000000,99.4500000,97.5800000,97.5800000,10060110
20170529,000000,97.7700000,100.9400000,97.0200000,100.7000000,9932950
20170530,000000,100.8300000,102.0700000,99.6000000,100.3800000,6591350
20170531,000000,100.7200000,101.7100000,100.3500000,101.0000000,14242100
20170601,000000,101.4900000,101.8500000,98.1500000,100.8000000,10059900
20170602,000000,100.4200000,102.3500000,99.8100000,101.9000000,7301200
20170605,000000,102.1400000,103.7400000,101.5300000,103.1400000,6834610
20170606,000000,103.2100000,103.4800000,101.9500000,101.9500000,5652140
20170607,000000,101.9500000,105.3800000,101.8200000,103.8900000,14689230
20170608,000000,104.2000000,106.4500000,102.1100000,104.0000000,15682170
20170609,000000,103.9900000,106.1500000,103.6100000,106.1500000,8403590
20170613,000000,105.9300000,107.8300000,105.2000000,107.0900000,10511470
20170614,000000,106.9100000,108.3900000,106.1700000,107.5000000,12788880
20170615,000000,107.0100000,107.0100000,100.1000000,102.7300000,23385390
20170616,000000,103.3000000,104.4000000,102.6800000,103.1200000,6518330
20170619,000000,103.7500000,107.1500000,103.3000000,106.9000000,4817410
20170620,000000,107.0000000,108.8000000,105.0500000,105.0500000,8209230
20170621,000000,105.1000000,106.4500000,103.6000000,103.9700000,8107430
20170622,000000,103.6100000,106.4500000,102.9000000,105.5700000,7311110
20170623,000000,105.7100000,107.8800000,105.3200000,106.8000000,5743900
20170626,000000,107.2800000,108.9300000,106.5300000,106.9000000,6488890
20170627,000000,106.8100000,107.8600000,106.3400000,106.5200000,7391740
20170628,000000,106.4100000,108.9300000,105.5000000,108.6000000,7793800
20170629,000000,108.7100000,109.6200000,106.5000000,106.5100000,8022940
20170630,000000,106.4100000,106.7500000,104.1100000,104.3300000,8615110
20170703,000000,104.9700000,105.7500000,104.6200000,105.7500000,5577090
20170704,000000,105.6100000,106.4500000,105.2500000,106.0000000,5299330
20170705,000000,106.0100000,108.2300000,105.7500000,107.6000000,6637380
20170706,000000,107.8500000,109.5000000,107.8400000,109.0000000,8358230
20170707,000000,108.6200000,109.4000000,107.7100000,108.9000000,4745670
20170710,000000,109.0000000,111.7400000,108.7500000,111.6400000,7628950
20170711,000000,112.0000000,112.7800000,110.7000000,111.2700000,5193310
20170712,000000,111.4700000,114.7900000,111.4100000,114.6500000,10640380
20170713,000000,114.6400000,115.1100000,113.6300000,114.1300000,7254320
20170714,000000,114.4600000,114.6000000,111.0200000,111.3800000,6432200
20170717,000000,111.6200000,113.1300000,110.5000000,112.0000000,4613800
20170718,000000,112.1500000,112.4700000,110.0000000,111.0000000,6060370
20170719,000000,110.5500000,113.8700000,109.8400000,113.8700000,5939320
20170720,000000,113.9800000,114.0000000,111.8400000,112.2000000,8179120
20170721,000000,112.1300000,112.3400000,109.2000000,109.9000000,7629170
20170724,000000,109.4900000,111.0600000,109.4800000,110.0000000,5792560
20170725,000000,110.3000000,110.8200000,109.3300000,109.9300000,7330250
20170726,000000,110.1400000,111.2600000,109.4400000,109.8900000,6746580
20170727,000000,110.4500000,110.4500000,108.7000000,109.7100000,5684020
20170728,000000,109.7100000,109.9600000,107.1500000,108.9000000,7746970
20170731,000000,109.0700000,109.6200000,106.8000000,107.0500000,4806830
20170801,000000,107.5000000,109.6100000,107.4700000,109.2000000,7090780
20170802,000000,109.3700000,111.1900000,109.3700000,110.7300000,5694450
20170803,000000,110.7900000,111.1200000,109.2800000,109.4200000,6335400
20170804,000000,109.0600000,109.9600000,108.8500000,109.2100000,2990030
20170807,000000,109.5700000,111.4500000,109.5200000,110.7500000,5753400
20170808,000000,110.9000000,114.9500000,110.7100000,114.9500000,9311010
20170809,000000,114.4500000,115.0400000,112.9000000,115.0000000,7950260
20170810,000000,114.7400000,114.8800000,112.2000000,112.5100000,6920830
20170811,000000,112.0500000,113.4000000,110.2300000,111.9200000,7036440
20170814,000000,112.2000000,114.3900000,111.1800000,114.2500000,6850290
20170815,000000,114.2200000,114.9500000,113.4000000,114.5600000,4743020
20170816,000000,114.6000000,116.3700000,113.9300000,114.0000000,7191930
20170817,000000,113.8600000,114.3000000,111.5200000,111.7000000,6640770
20170818,000000,111.2000000,111.8700000,109.0200000,109.4000000,12026360
20170821,000000,110.3200000,110.3500000,108.0100000,108.0900000,7712300
20170822,000000,108.5100000,109.3000000,106.8200000,107.2000000,9632310
20170823,000000,107.4000000,108.1200000,105.7500000,107.6500000,8772070
20170824,000000,107.8700000,108.8300000,107.4100000,108.2500000,4936750
20170825,000000,108.5000000,108.5500000,107.1000000,107.2700000,4927040
20170828,000000,107.2000000,107.2600000,105.8700000,106.2100000,7389090
20170829,000000,105.6000000,106.1700000,104.6100000,104.8400000,7318000
20170830,000000,105.1000000,105.8800000,104.5600000,105.2000000,6968640
20170831,000000,105.5100000,106.0300000,104.9800000,105.3900000,10339380
20170901,000000,105.5000000,105.6800000,105.0200000,105.2500000,5383140
20170904,000000,105.2600000,107.4300000,105.2300000,107.4000000,7375840
20170905,000000,107.9900000,111.3400000,107.7000000,111.2200000,14304910
20170906,000000,110.8700000,112.5100000,109.8300000,112.5100000,7719220
20170907,000000,112.6000000,113.5000000,111.7200000,113.4000000,5589800
20170908,000000,113.2300000,113.9900000,111.0000000,111.6900000,9560350
20170911,000000,112.0000000,112.8900000,111.2500000,112.4000000,6195080
20170912,000000,112.3800000,112.7700000,111.5600000,112.2200000,4495730
20170913,000000,112.3000000,113.2000000,112.2000000,112.6500000,7144190
20170914,000000,112.7300000,113.2000000,112.0000000,112.4900000,5466950
20170915,000000,112.8700000,114.8000000,112.1300000,113.9400000,9732700
20170918,000000,114.1800000,115.4600000,113.9500000,115.0000000,4989620
20170919,000000,114.9900000,116.4500000,114.5000000,115.3000000,11098380
20170920,000000,115.2900000,116.5900000,113.5000000,116.4900000,6262950
20170921,000000,116.5000000,117.9000000,116.1200000,116.3000000,7710570
20170922,000000,116.3800000,117.0000000,115.1300000,116.0300000,3777280
20170925,000000,116.0300000,116.0300000,114.5100000,115.2600000,7218550
20170926,000000,115.2700000,117.6500000,114.8600000,116.8000000,10101650
20170927,000000,116.9000000,117.3500000,116.3100000,117.1000000,6156270
20170928,000000,115.0000000,116.0900000,114.0900000,114.9400000,6906690
20170929,000000,114.9100000,116.3000000,114.5700000,115.5000000,4382670
20171002,000000,115.6900000,116.5000000,115.4800000,115.6700000,5472360
20171003,000000,115.9600000,117.9500000,115.9600000,117.2200000,8960010
20171004,000000,117.1800000,119.2000000,116.6000000,119.0000000,8849600
20171005,000000,119.0800000,119.5500000,118.0600000,119.4300000,8229210
20171006,000000,119.5100000,120.3900000,118.2300000,119.6900000,9529640
20171009,000000,119.7100000,119.8700000,118.3800000,118.8900000,4583470
20171010,000000,118.7700000,119.2100000,117.0500000,117.3500000,5573600
20171011,000000,117.3500000,119.6100000,117.1700000,117.7800000,7984060
20171012,000000,118.3700000,119.4600000,117.7100000,118.4000000,9940180
20171013,000000,118.7100000,120.6500000,118.1400000,120.4900000,10366820
20171016,000000,120.8000000,122.5500000,120.5200000,121.7100000,12718460
20171017,000000,121.7000000,121.7000000,119.3800000,120.4500000,10631100
20171018,000000,120.4600000,121.6600000,119.5000000,120.4700000,7253530
20171019,000000,120.4700000,121.1000000,118.8400000,119.5000000,10449070
20171020,000000,119.8200000,119.9700000,118.4500000,119.4400000,10579000
20171023,000000,119.6000000,120.3000000,119.0000000,119.2800000,6440920
20171024,000000,119.3000000,121.4000000,118.7000000,120.0300000,10961970
20171025,000000,120.6500000,121.1400000,118.0000000,118.1000000,6863810
20171026,000000,118.1200000,118.8400000,117.5100000,118.0000000,9023720
20171027,000000,118.6900000,118.7700000,117.2300000,118.4000000,7925120
20171030,000000,118.6900000,119.2200000,117.5000000,117.9000000,9421470
20171031,000000,117.8000000,118.6500000,117.1800000,118.0200000,6126160
20171101,000000,118.3900000,118.4200000,117.5500000,118.3500000,3657550
20171102,000000,118.3500000,119.2000000,117.3500000,119.2000000,6794360
20171103,000000,119.0100000,120.7000000,118.8000000,120.3100000,9682440
20171107,000000,120.7200000,125.0000000,120.6700000,125.0000000,14093960
20171108,000000,124.7800000,127.5500000,124.2600000,127.0500000,10729450
20171109,000000,127.0000000,127.9600000,124.1000000,127.8100000,15705240
20171110,000000,128.1500000,128.4400000,125.9100000,126.8000000,10501290
20171113,000000,126.5000000,127.2300000,125.1600000,125.8000000,15304210
20171114,000000,125.7000000,126.9900000,124.8100000,125.5100000,14036410
20171115,000000,125.3000000,126.0000000,124.1500000,124.9300000,10482460
20171116,000000,125.0700000,125.1700000,122.1000000,123.5300000,10602820
20171117,000000,123.5500000,123.5500000,119.5000000,119.5000000,11466120
20171120,000000,120.0000000,123.4900000,119.0100000,123.0000000,6282180
20171121,000000,123.0000000,128.4600000,122.4800000,127.4400000,7361090
20171122,000000,127.8000000,130.0000000,124.0600000,125.7800000,8764550
20171123,000000,125.6400000,126.4000000,123.1500000,124.3000000,11787190
20171124,000000,124.0000000,127.1700000,122.0800000,126.2800000,9065900
20171127,000000,126.2800000,127.1000000,124.1200000,125.2800000,6068980
20171128,000000,125.1100000,126.3800000,123.5000000,126.2000000,6295720
20171129,000000,126.2700000,126.2700000,124.4100000,125.7700000,8118950
20171130,000000,125.2100000,126.0000000,121.3600000,124.2500000,10347140
20171201,000000,123.6500000,124.1800000,121.8000000,122.6100000,6089400
20171204,000000,122.0300000,123.8700000,120.6000000,122.3200000,6905720
20171205,000000,122.6700000,123.2000000,118.1000000,118.1000000,9080430
20171206,000000,117.8800000,120.7700000,116.9400000,119.6500000,7777930
20171207,000000,119.8000000,120.3800000,115.6600000,116.2000000,9338230
20171208,000000,116.5000000,120.9300000,115.6600000,119.3700000,10057400
20171211,000000,119.1700000,121.7000000,118.0200000,121.7000000,6326640
20171212,000000,121.9000000,124.0000000,121.0000000,124.0000000,5543140
20171213,000000,123.7100000,123.8000000,118.0000000,118.0000000,9198540
20171214,000000,118.1700000,121.1200000,118.1600000,121.1200000,7390740
20171215,000000,120.8200000,120.8900000,119.0000000,120.8100000,6178660
20171218,000000,120.4700000,121.7400000,117.2600000,118.0000000,5950710
20171219,000000,118.0200000,118.3500000,114.2700000,114.7200000,11389920
20171220,000000,115.1100000,115.3500000,111.2600000,111.7500000,9174270
20171221,000000,111.5100000,112.4800000,108.0900000,108.9000000,11190200
20171222,000000,109.0800000,111.5700000,108.3100000,110.1000000,6246160
20171225,000000,110.4800000,110.6600000,108.5900000,110.0000000,2856460
20171226,000000,110.2800000,110.5400000,108.4000000,109.0100000,2980590
20171227,000000,109.1500000,109.8400000,108.6600000,109.0700000,4419750
20171228,000000,109.1000000,109.3900000,108.0100000,109.3900000,4539270
20171229,000000,109.1300000,110.4000000,108.2500000,108.9700000,5175230
20180103,000000,109.2500000,110.4200000,108.3000000,109.1800000,8602720
20180104,000000,109.1300000,109.8000000,108.5000000,109.1200000,9840610
20180105,000000,109.1700000,109.3600000,108.0000000,108.2500000,7163440
20180109,000000,108.3500000,109.8800000,108.2500000,109.0600000,13478570
20180110,000000,109.2500000,113.5500000,109.2100000,113.4000000,17333780
20180111,000000,113.6200000,115.5700000,112.3500000,115.3000000,14894070
20180112,000000,115.1000000,115.2000000,112.8100000,113.4900000,9533700
20180115,000000,113.4400000,114.3800000,113.0000000,113.8400000,5829750
20180116,000000,113.8600000,114.9900000,111.4100000,112.9700000,8381100
20180117,000000,112.1100000,113.1400000,111.3800000,112.5000000,8609600
20180118,000000,112.7900000,113.9500000,112.6200000,113.4000000,8309790
20180119,000000,113.3900000,113.5000000,111.0500000,111.5000000,8749360
20180122,000000,111.5100000,113.8000000,111.5100000,113.6000000,8633140
20180123,000000,113.7000000,115.4500000,113.5400000,115.0000000,9670560
20180124,000000,114.7700000,114.9900000,113.8300000,114.8000000,4525530
20180125,000000,115.0900000,116.8000000,115.0900000,116.3600000,10884590
20180126,000000,116.3700000,116.5000000,113.3000000,115.7500000,8456480
20180129,000000,115.7500000,119.2000000,115.4700000,118.2000000,9233580
20180130,000000,117.7500000,118.7000000,116.5100000,117.1000000,8966260
20180131,000000,116.9700000,116.9800000,114.8700000,115.0000000,6309950
20180201,000000,115.3000000,117.1900000,115.2000000,116.7000000,6320820
20180202,000000,116.8400000,117.9000000,114.2600000,115.8000000,8919510
20180205,000000,114.7600000,116.4400000,113.5500000,115.7200000,6707000
20180206,000000,114.3000000,115.3800000,113.3600000,113.6000000,8476190
20180207,000000,114.2900000,114.9300000,113.5000000,113.5000000,5523540
20180208,000000,113.4900000,114.0000000,112.5000000,112.8000000,5694450
20180209,000000,111.8800000,112.1200000,109.5200000,110.5000000,12399400
20180212,000000,111.3500000,111.5400000,110.0800000,110.3000000,6483440
20180213,000000,110.9700000,111.4700000,110.3000000,111.2500000,5075720
20180214,000000,111.6000000,112.5500000,110.7700000,111.2000000,8399850
20180215,000000,111.7600000,111.8900000,110.2300000,110.3000000,5696950
20180216,000000,110.7000000,111.1800000,110.3500000,110.6200000,4338800
20180219,000000,110.7800000,111.4300000,110.5500000,110.5600000,2699440
20180220,000000,110.8000000,111.4000000,110.3400000,111.4000000,4699480
20180221,000000,111.2000000,114.2300000,110.8700000,114.2300000,7807980
20180222,000000,113.9900000,114.3900000,112.8600000,113.6800000,8126130
20180226,000000,114.4900000,115.1200000,113.8800000,115.0000000,6776300
20180227,000000,115.0100000,115.4000000,114.1400000,115.0900000,3117330
20180228,000000,114.0300000,114.5800000,111.8500000,111.8500000,4834880
20180301,000000,111.3000000,114.3800000,110.9200000,114.2900000,5672350
20180302,000000,113.7100000,116.2400000,113.4300000,115.4600000,8926250
20180305,000000,116.0100000,117.7700000,116.0100000,117.0000000,4551960
20180306,000000,117.4900000,121.2000000,117.2100000,119.6500000,12526990
20180307,000000,119.4200000,119.4800000,116.1400000,117.0000000,9471800
20180309,000000,117.0200000,120.9700000,116.4500000,120.9700000,4485730
20180312,000000,120.9800000,121.2000000,117.5700000,118.4000000,5276810
20180313,000000,118.5900000,119.6500000,117.3000000,119.0000000,6311500
20180314,000000,118.7400000,118.7500000,115.5700000,115.5700000,7379520
20180315,000000,115.5000000,117.6900000,114.7600000,117.0000000,9181330
20180316,000000,117.2700000,121.0000000,116.4100000,121.0000000,10861040
20180319,000000,120.0400000,120.8800000,118.8000000,119.5000000,5975770
20180320,000000,119.6000000,119.7300000,117.7500000,118.4000000,5970880
20180321,000000,118.6100000,119.1700000,118.0200000,118.5000000,6460350
20180322,000000,118.7100000,119.0900000,117.0800000,117.8800000,3499560
20180323,000000,117.1100000,119.0000000,108.5800000,119.0000000,9992220
20180326,000000,118.5900000,118.9900000,115.9800000,115.9800000,5729310
20180327,000000,116.5500000,118.1600000,116.3700000,116.4200000,5076860
20180328,000000,116.6400000,117.8400000,116.2500000,116.5000000,6503100
20180329,000000,116.7700000,117.6400000,116.7600000,117.5700000,6078340
20180330,000000,117.4900000,117.8600000,117.0000000,117.0000000,661900
20180402,000000,117.0300000,117.5100000,116.3000000,116.3000000,2105830
20180403,000000,116.4800000,117.2400000,115.6700000,117.0000000,3336960
20180404,000000,117.1300000,117.2900000,116.2900000,116.5000000,2811640
20180405,000000,116.8800000,117.3000000,116.7900000,117.0400000,6524240
20180406,000000,117.0600000,117.2800000,116.7000000,116.9000000,3109840
20180409,000000,116.7000000,117.2700000,111.1000000,114.0000000,18839140
20180410,000000,113.0400000,115.6800000,112.3000000,115.6200000,16205350
20180411,000000,114.5500000,116.2400000,111.2000000,111.9400000,12567430
20180412,000000,112.4900000,114.2300000,111.2000000,113.1300000,13253710
20180413,000000,113.7300000,114.4800000,112.1000000,112.2000000,6150630
20180416,000000,111.8200000,113.9500000,111.4000000,113.2400000,7998720
20180417,000000,114.0500000,114.6000000,113.3800000,114.0500000,11262090
20180418,000000,114.3800000,117.5800000,114.2900000,115.2500000,13403050
20180419,000000,115.5100000,116.6900000,114.3400000,115.5000000,5566930
20180420,000000,115.4100000,116.0900000,114.6900000,115.9900000,3734300
20180423,000000,116.0000000,116.6800000,113.6500000,113.6500000,8633690
20180424,000000,114.6600000,115.1800000,114.2100000,114.2100000,5032770
20180425,000000,114.2000000,115.2500000,113.6600000,114.4500000,4078850
20180426,000000,114.7500000,116.2900000,114.5300000,116.0800000,6992600
20180427,000000,116.1800000,120.9000000,116.1200000,120.0500000,17094100
20180428,000000,120.4300000,120.4500000,119.0800000,119.6600000,1628940
20180430,000000,119.6700000,121.9000000,113.5000000,120.7500000,6126720
20180502,000000,120.3000000,121.4800000,118.7000000,119.6900000,5624910
20180503,000000,119.9500000,121.1500000,118.8800000,120.9800000,7163120
20180504,000000,120.9500000,121.7700000,120.0700000,120.5300000,6924060
20180507,000000,121.2000000,121.3900000,119.6400000,119.9900000,4091780
20180508,000000,119.9700000,119.9700000,118.3600000,118.5200000,6210860
20180510,000000,119.3700000,120.3600000,118.2500000,120.0000000,9714590
20180511,000000,120.1000000,123.0600000,120.1000000,123.0600000,9645580
20180514,000000,118.0200000,119.3100000,117.8100000,119.1500000,9419230
20180515,000000,119.0000000,119.1500000,114.3500000,115.4000000,13896850
20180516,000000,115.3800000,119.1900000,114.5200000,117.7300000,10917310
20180517,000000,118.2700000,118.2800000,116.0000000,116.0000000,4857030
20180518,000000,116.2100000,117.8000000,114.8400000,117.1600000,6290510
20180521,000000,116.9400000,117.7900000,115.9000000,115.9500000,4994060
20180522,000000,116.0000000,116.7000000,114.9600000,115.0500000,5039020
20180523,000000,114.8400000,116.9400000,113.5900000,113.5900000,4361480
20180524,000000,114.0300000,114.9600000,113.1500000,113.6500000,5488690
20180525,000000,113.7200000,115.4000000,113.7000000,114.8000000,4791180
20180528,000000,114.7900000,115.7600000,113.1200000,113.8800000,2823550
20180529,000000,114.2700000,114.7800000,111.4700000,112.4000000,5497860
20180530,000000,112.4000000,113.6800000,111.7100000,111.8200000,5148730
20180531,000000,112.4900000,112.8000000,111.6000000,112.5900000,12916540
20180601,000000,112.4000000,114.5500000,112.4000000,114.3000000,6170310
20180604,000000,114.9400000,115.6000000,114.1300000,115.4500000,4413310
20180605,000000,115.4800000,115.8800000,113.3200000,114.2900000,4661380
20180606,000000,114.3100000,114.5000000,112.3100000,112.7000000,4263620
20180607,000000,113.1000000,113.6300000,110.6000000,110.6000000,8702540
20180608,000000,111.0000000,111.0000000,107.5800000,107.7000000,10592510
20180609,000000,108.3000000,108.9900000,108.0100000,108.6700000,1064060
20180611,000000,108.8600000,109.1600000,105.8400000,107.6800000,5672370
20180613,000000,107.6900000,109.5400000,107.6900000,109.2000000,6182760
20180614,000000,109.0100000,111.4500000,108.7800000,111.4300000,7710710
20180615,000000,111.6700000,111.8500000,110.0500000,111.1800000,5843970
20180618,000000,110.5200000,111.3800000,109.9200000,110.5000000,6507920
20180619,000000,109.9800000,110.1000000,106.2000000,108.1500000,8638470
20180620,000000,108.4000000,110.9500000,108.0300000,110.3500000,5877450
20180621,000000,110.5000000,111.0000000,108.6900000,109.8700000,4902400
20180622,000000,110.4800000,112.2600000,109.0200000,111.6000000,8617170
20180625,000000,112.0000000,113.3000000,111.2900000,111.6400000,5149780
20180626,000000,112.1300000,112.4900000,110.2100000,110.5500000,2956140
20180627,000000,111.0000000,111.9100000,109.5200000,110.3800000,5773320
20180628,000000,110.4800000,111.7400000,109.1700000,109.6200000,4516980
20180629,000000,110.2000000,110.7600000,108.5800000,108.5800000,6325540
20180702,000000,109.0100000,110.0600000,107.3300000,107.8600000,8495540
20180703,000000,108.1300000,109.0800000,107.7600000,107.9000000,4420250
20180704,000000,108.2400000,108.2700000,106.0000000,106.1100000,7802910
20180705,000000,106.1900000,107.0000000,105.6500000,106.4000000,6153340
20180706,000000,106.3600000,108.5000000,105.8000000,108.0000000,7611920
20180709,000000,108.1600000,110.5000000,108.1600000,109.9000000,10481100
20180710,000000,109.8200000,110.2000000,109.1000000,109.5000000,4004340
20180711,000000,109.1900000,109.7000000,107.5500000,109.0000000,4879520
20180712,000000,108.8200000,109.0300000,106.2000000,106.5000000,7624430
20180713,000000,107.0100000,107.5000000,106.3500000,106.4100000,5673050
20180716,000000,106.7000000,107.4000000,105.1200000,106.2000000,6579680
20180717,000000,106.1000000,106.1000000,104.8200000,105.7000000,6713290
20180718,000000,105.9800000,106.2100000,104.8800000,105.3700000,4400680
20180719,000000,105.4000000,106.0000000,104.8200000,104.8200000,5590250
20180720,000000,105.0900000,105.2800000,102.5100000,103.7500000,7402720
20180723,000000,104.0100000,105.4100000,103.6700000,104.0100000,5292650
20180724,000000,104.5000000,104.7100000,103.1000000,103.1000000,4273880
20180725,000000,102.7000000,103.1600000,100.9600000,101.3000000,11236260
20180726,000000,101.7000000,101.8900000,100.6300000,100.9000000,4799760
20180727,000000,101.0200000,102.3300000,100.6500000,101.8000000,5810610
20180730,000000,101.8200000,103.7500000,101.1100000,103.7200000,7862120
20180731,000000,103.4100000,103.4200000,102.1000000,103.0000000,7383330
20180801,000000,102.8700000,103.3800000,102.2200000,102.5000000,6679050
20180802,000000,102.2000000,102.4800000,99.9400000,100.4200000,8247470
20180803,000000,100.5500000,102.6000000,99.8000000,102.0600000,11009620
20180806,000000,101.8000000,102.0900000,100.7100000,101.5000000,5463400
20180807,000000,101.8100000,102.0100000,100.5800000,100.9200000,4630570
20180808,000000,100.6500000,101.4500000,99.8800000,100.5000000,7112080
20180809,000000,100.0000000,102.1900000,97.8000000,102.0000000,12589380
20180810,000000,101.8900000,103.0000000,100.8000000,101.2400000,7890070
20180813,000000,100.5600000,100.9900000,99.7200000,100.0900000,5573930
20180814,000000,100.5100000,102.3700000,100.3000000,102.3700000,6439430
20180815,000000,102.0900000,102.7400000,100.1400000,100.3600000,4848740
20180816,000000,100.7400000,100.7800000,100.0500000,100.0700000,3595010
20180817,000000,100.2000000,100.9000000,99.5100000,100.0300000,4835920
20180820,000000,100.4900000,101.2500000,100.2900000,100.9200000,3479270
20180821,000000,100.9700000,101.1000000,99.9000000,100.0000000,4460130
20180822,000000,100.2600000,100.7200000,99.7100000,100.1500000,5149210
20180823,000000,100.1600000,100.6400000,99.7200000,99.7200000,3609290
20180824,000000,99.7200000,100.3600000,97.7200000,98.6300000,8493100
20180827,000000,98.9500000,99.2800000,97.4100000,98.3000000,5291810
20180828,000000,98.5000000,98.8900000,97.2100000,97.3300000,6109440
20180829,000000,97.4900000,97.6700000,95.0700000,95.6500000,13417030
20180830,000000,96.2700000,97.3700000,95.7000000,95.8000000,7215170
20180831,000000,95.8000000,98.0400000,95.2500000,98.0400000,6555700
20180903,000000,97.9000000,98.7600000,97.3500000,98.4100000,3297310
